"longitude","latitude","species","geometry","color"
153.181135,-27.445122,"Limosa lapponica",c(153.181135, -27.445122),"#509E2F"
150.748359,-34.856702,"Limosa lapponica",c(150.748359, -34.856702),"#509E2F"
153.094927,-27.341296,"Limosa lapponica",c(153.094927, -27.341296),"#509E2F"
153.070383,-27.305286,"Limosa lapponica",c(153.070383, -27.305286),"#509E2F"
153.182387,-27.445528,"Limosa lapponica",c(153.182387, -27.445528),"#509E2F"
151.125856,-34.015803,"Limosa lapponica",c(151.125856, -34.015803),"#509E2F"
145.76532,-16.907605,"Limosa lapponica",c(145.76532, -16.907605),"#509E2F"
153.181405,-27.445287,"Limosa lapponica",c(153.181405, -27.445287),"#509E2F"
153.068458,-27.302478,"Limosa lapponica",c(153.068458, -27.302478),"#509E2F"
153.094475,-27.341089,"Limosa lapponica",c(153.094475, -27.341089),"#509E2F"
153.181215,-27.445093,"Limosa lapponica",c(153.181215, -27.445093),"#509E2F"
145.765747,-16.908223,"Limosa lapponica",c(145.765747, -16.908223),"#509E2F"
152.903204,-31.40787,"Limosa lapponica",c(152.903204, -31.40787),"#509E2F"
115.729468,-32.401596,"Limosa lapponica",c(115.729468, -32.401596),"#509E2F"
153.169831,-27.408078,"Limosa lapponica",c(153.169831, -27.408078),"#509E2F"
145.766074,-16.908495,"Limosa lapponica",c(145.766074, -16.908495),"#509E2F"
145.76648,-16.909042,"Limosa lapponica",c(145.76648, -16.909042),"#509E2F"
150.746998,-34.854567,"Limosa lapponica",c(150.746998, -34.854567),"#509E2F"
145.766413,-16.908933,"Limosa lapponica",c(145.766413, -16.908933),"#509E2F"
145.765931,-16.9085,"Limosa lapponica",c(145.765931, -16.9085),"#509E2F"
149.911318,-36.888939,"Limosa lapponica",c(149.911318, -36.888939),"#509E2F"
153.181183,-27.445135,"Limosa lapponica",c(153.181183, -27.445135),"#509E2F"
153.1854,-27.446078,"Limosa lapponica",c(153.1854, -27.446078),"#509E2F"
153.099726,-27.341583,"Limosa lapponica",c(153.099726, -27.341583),"#509E2F"
145.770195,-16.911574,"Limosa lapponica",c(145.770195, -16.911574),"#509E2F"
153.134247,-27.048569,"Limosa lapponica",c(153.134247, -27.048569),"#509E2F"
145.768784,-16.910105,"Limosa lapponica",c(145.768784, -16.910105),"#509E2F"
145.774231,-16.909136,"Limosa lapponica",c(145.774231, -16.909136),"#509E2F"
153.10818,-27.046632,"Limosa lapponica",c(153.10818, -27.046632),"#509E2F"
153.102133,-27.034475,"Limosa lapponica",c(153.102133, -27.034475),"#509E2F"
153.10727,-27.045138,"Limosa lapponica",c(153.10727, -27.045138),"#509E2F"
153.104838,-27.042007,"Limosa lapponica",c(153.104838, -27.042007),"#509E2F"
142.254972,-10.170555,"Limosa lapponica",c(142.254972, -10.170555),"#509E2F"
153.107293,-27.045152,"Limosa lapponica",c(153.107293, -27.045152),"#509E2F"
148.085866794,-37.8586237103,"Limosa lapponica",c(148.085866794, -37.8586237103),"#509E2F"
151.791545,-32.8840519722,"Limosa lapponica",c(151.791545, -32.8840519722),"#509E2F"
122.3869936538,-17.8410187597,"Limosa lapponica",c(122.3869936538, -17.8410187597),"#509E2F"
122.2284734813,-17.8480716921,"Limosa lapponica",c(122.2284734813, -17.8480716921),"#509E2F"
150.0798543545,-36.3684578603,"Limosa lapponica",c(150.0798543545, -36.3684578603),"#509E2F"
144.59085,-38.0051888833,"Limosa lapponica",c(144.59085, -38.0051888833),"#509E2F"
122.2773780631,-17.8266334369,"Limosa lapponica",c(122.2773780631, -17.8266334369),"#509E2F"
148.7312381342,-20.3000912854,"Limosa lapponica",c(148.7312381342, -20.3000912854),"#509E2F"
144.8119966667,-37.8767133333,"Limosa lapponica",c(144.8119966667, -37.8767133333),"#509E2F"
144.4192834985,-38.0439904411,"Limosa lapponica",c(144.4192834985, -38.0439904411),"#509E2F"
122.3916915904,-17.9572298042,"Limosa lapponica",c(122.3916915904, -17.9572298042),"#509E2F"
145.7689669937,-16.9072920717,"Limosa lapponica",c(145.7689669937, -16.9072920717),"#509E2F"
145.7686687335,-16.909238273,"Limosa lapponica",c(145.7686687335, -16.909238273),"#509E2F"
145.7687760218,-16.909032973,"Limosa lapponica",c(145.7687760218, -16.909032973),"#509E2F"
145.7685399874,-16.909012443,"Limosa lapponica",c(145.7685399874, -16.909012443),"#509E2F"
145.7682803482,-16.9082528311,"Limosa lapponica",c(145.7682803482, -16.9082528311),"#509E2F"
145.7683876366,-16.9082733612,"Limosa lapponica",c(145.7683876366, -16.9082733612),"#509E2F"
145.7683447212,-16.9083965417,"Limosa lapponica",c(145.7683447212, -16.9083965417),"#509E2F"
145.7682374328,-16.908232301,"Limosa lapponica",c(145.7682374328, -16.908232301),"#509E2F"
153.1034691553,-27.3420607095,"Limosa lapponica",c(153.1034691553, -27.3420607095),"#509E2F"
153.1041315048,-27.342191508,"Limosa lapponica",c(153.1041315048, -27.342191508),"#509E2F"
153.1038533712,-27.3425956846,"Limosa lapponica",c(153.1038533712, -27.3425956846),"#509E2F"
145.7650616974,-16.9053128866,"Limosa lapponica",c(145.7650616974, -16.9053128866),"#509E2F"
145.7654050201,-16.9053785961,"Limosa lapponica",c(145.7654050201, -16.9053785961),"#509E2F"
145.764954409,-16.9041672982,"Limosa lapponica",c(145.764954409, -16.9041672982),"#509E2F"
145.7648685783,-16.9041672982,"Limosa lapponica",c(145.7648685783, -16.9041672982),"#509E2F"
145.764890036,-16.9039825233,"Limosa lapponica",c(145.764890036, -16.9039825233),"#509E2F"
145.764954409,-16.9039414622,"Limosa lapponica",c(145.764954409, -16.9039414622),"#509E2F"
145.765018782,-16.9040072114,"Limosa lapponica",c(145.765018782, -16.9040072114),"#509E2F"
149.8914940459,-36.8939992336,"Limosa lapponica",c(149.8914940459, -36.8939992336),"#509E2F"
152.903241194,-31.4218925968,"Limosa lapponica",c(152.903241194, -31.4218925968),"#509E2F"
151.7904373258,-32.8823346843,"Limosa lapponica",c(151.7904373258, -32.8823346843),"#509E2F"
150.1221277778,-36.1288583333,"Limosa lapponica",c(150.1221277778, -36.1288583333),"#509E2F"
146.3361966667,-38.69023,"Limosa lapponica",c(146.3361966667, -38.69023),"#509E2F"
145.7713609565,-16.9125502229,"Limosa lapponica",c(145.7713609565, -16.9125502229),"#509E2F"
150.504402153,-35.2678726946,"Limosa lapponica",c(150.504402153, -35.2678726946),"#509E2F"
146.5840730531,-38.6909976181,"Limosa lapponica",c(146.5840730531, -38.6909976181),"#509E2F"
150.1254083333,-36.1279777778,"Limosa lapponica",c(150.1254083333, -36.1279777778),"#509E2F"
150.1396903,-35.9150272,"Limosa lapponica",c(150.1396903, -35.9150272),"#509E2F"
145.7773277778,-16.9187972222,"Limosa lapponica",c(145.7773277778, -16.9187972222),"#509E2F"
145.771907,-16.9134996,"Limosa lapponica",c(145.771907, -16.9134996),"#509E2F"
145.776305,-16.9182466667,"Limosa lapponica",c(145.776305, -16.9182466667),"#509E2F"
145.7709529,-16.9203476,"Limosa lapponica",c(145.7709529, -16.9203476),"#509E2F"
145.771907,-16.9134996,"Limosa lapponica",c(145.771907, -16.9134996),"#509E2F"
150.1238425,-36.129221,"Limosa lapponica",c(150.1238425, -36.129221),"#509E2F"
150.1263650287,-36.124250689,"Limosa lapponica",c(150.1263650287, -36.124250689),"#509E2F"
150.1258809789,-36.1270892418,"Limosa lapponica",c(150.1258809789, -36.1270892418),"#509E2F"
152.1206132323,-32.6616589427,"Limosa lapponica",c(152.1206132323, -32.6616589427),"#509E2F"
145.7773283333,-16.9187966667,"Limosa lapponica",c(145.7773283333, -16.9187966667),"#509E2F"
153.18189,-27.4453833333,"Limosa lapponica",c(153.18189, -27.4453833333),"#509E2F"
153.1813733333,-27.44532,"Limosa lapponica",c(153.1813733333, -27.44532),"#509E2F"
153.1813766667,-27.44531,"Limosa lapponica",c(153.1813766667, -27.44531),"#509E2F"
153.1813883333,-27.4452099722,"Limosa lapponica",c(153.1813883333, -27.4452099722),"#509E2F"
153.5766461573,-28.8657219166,"Limosa lapponica",c(153.5766461573, -28.8657219166),"#509E2F"
153.575601828,-28.8645216013,"Limosa lapponica",c(153.575601828, -28.8645216013),"#509E2F"
145.76593,-16.9082366667,"Limosa lapponica",c(145.76593, -16.9082366667),"#509E2F"
153.184505,-27.44563,"Limosa lapponica",c(153.184505, -27.44563),"#509E2F"
153.1844583333,-27.4456383333,"Limosa lapponica",c(153.1844583333, -27.4456383333),"#509E2F"
153.1837983333,-27.4454983333,"Limosa lapponica",c(153.1837983333, -27.4454983333),"#509E2F"
153.1829233333,-27.4453533333,"Limosa lapponica",c(153.1829233333, -27.4453533333),"#509E2F"
153.1829233333,-27.4453533333,"Limosa lapponica",c(153.1829233333, -27.4453533333),"#509E2F"
153.1824166667,-27.4453516667,"Limosa lapponica",c(153.1824166667, -27.4453516667),"#509E2F"
153.1824166667,-27.4453516667,"Limosa lapponica",c(153.1824166667, -27.4453516667),"#509E2F"
153.1824116667,-27.4453733333,"Limosa lapponica",c(153.1824116667, -27.4453733333),"#509E2F"
153.18239,-27.4453666667,"Limosa lapponica",c(153.18239, -27.4453666667),"#509E2F"
153.18239,-27.4453666667,"Limosa lapponica",c(153.18239, -27.4453666667),"#509E2F"
153.1824433333,-27.4453483333,"Limosa lapponica",c(153.1824433333, -27.4453483333),"#509E2F"
153.1824433333,-27.4453483333,"Limosa lapponica",c(153.1824433333, -27.4453483333),"#509E2F"
153.1824433333,-27.4453483333,"Limosa lapponica",c(153.1824433333, -27.4453483333),"#509E2F"
153.1824433333,-27.4453483333,"Limosa lapponica",c(153.1824433333, -27.4453483333),"#509E2F"
153.1824433333,-27.4453483333,"Limosa lapponica",c(153.1824433333, -27.4453483333),"#509E2F"
153.1824166667,-27.445355,"Limosa lapponica",c(153.1824166667, -27.445355),"#509E2F"
153.1824166667,-27.445355,"Limosa lapponica",c(153.1824166667, -27.445355),"#509E2F"
153.1812875997,-27.4452499,"Limosa lapponica",c(153.1812875997, -27.4452499),"#509E2F"
145.7641322997,-16.9060729997,"Limosa lapponica",c(145.7641322997, -16.9060729997),"#509E2F"
150.7471798633,-34.8602030328,"Limosa lapponica",c(150.7471798633, -34.8602030328),"#509E2F"
152.5516670543,-25.0775876094,"Limosa lapponica",c(152.5516670543, -25.0775876094),"#509E2F"
153.0653392282,-27.1174028737,"Limosa lapponica",c(153.0653392282, -27.1174028737),"#509E2F"
145.773605,-16.915225,"Limosa lapponica",c(145.773605, -16.915225),"#509E2F"
145.7762616667,-16.9182033333,"Limosa lapponica",c(145.7762616667, -16.9182033333),"#509E2F"
153.0616102899,-27.1202289002,"Limosa lapponica",c(153.0616102899, -27.1202289002),"#509E2F"
153.0667320166,-27.1168455725,"Limosa lapponica",c(153.0667320166, -27.1168455725),"#509E2F"
153.0672366387,-27.1155813496,"Limosa lapponica",c(153.0672366387, -27.1155813496),"#509E2F"
153.0670337044,-27.114363009,"Limosa lapponica",c(153.0670337044, -27.114363009),"#509E2F"
144.8089133333,-37.8797133333,"Limosa lapponica",c(144.8089133333, -37.8797133333),"#509E2F"
144.8089,-37.8797116667,"Limosa lapponica",c(144.8089, -37.8797116667),"#509E2F"
153.0701445,-27.310245,"Limosa lapponica",c(153.0701445, -27.310245),"#509E2F"
153.1816183333,-27.4452233333,"Limosa lapponica",c(153.1816183333, -27.4452233333),"#509E2F"
153.1815083333,-27.4453233333,"Limosa lapponica",c(153.1815083333, -27.4453233333),"#509E2F"
145.7775198296,-16.9188833693,"Limosa lapponica",c(145.7775198296, -16.9188833693),"#509E2F"
153.1341667441,-27.0486929119,"Limosa lapponica",c(153.1341667441, -27.0486929119),"#509E2F"
151.7892512887,-32.8829027199,"Limosa lapponica",c(151.7892512887, -32.8829027199),"#509E2F"
150.745859,-34.86063,"Limosa lapponica",c(150.745859, -34.86063),"#509E2F"
151.1631563839,-33.9514703494,"Limosa lapponica",c(151.1631563839, -33.9514703494),"#509E2F"
144.8113820972,-37.8786831472,"Limosa lapponica",c(144.8113820972, -37.8786831472),"#509E2F"
144.8111264893,-37.878683517,"Limosa lapponica",c(144.8111264893, -37.878683517),"#509E2F"
152.8495156754,-31.4751673896,"Limosa lapponica",c(152.8495156754, -31.4751673896),"#509E2F"
153.1875315652,-27.4511396993,"Limosa lapponica",c(153.1875315652, -27.4511396993),"#509E2F"
153.1825916216,-27.4453093875,"Limosa lapponica",c(153.1825916216, -27.4453093875),"#509E2F"
153.1821962832,-27.4452049566,"Limosa lapponica",c(153.1821962832, -27.4452049566),"#509E2F"
153.1818119031,-27.4449320846,"Limosa lapponica",c(153.1818119031, -27.4449320846),"#509E2F"
153.1818647034,-27.4449603766,"Limosa lapponica",c(153.1818647034, -27.4449603766),"#509E2F"
153.1818669093,-27.4448224705,"Limosa lapponica",c(153.1818669093, -27.4448224705),"#509E2F"
149.9146283333,-36.887495,"Limosa lapponica",c(149.9146283333, -36.887495),"#509E2F"
145.7727017997,-16.9144336997,"Limosa lapponica",c(145.7727017997, -16.9144336997),"#509E2F"
145.7727007997,-16.9144356,"Limosa lapponica",c(145.7727007997, -16.9144356),"#509E2F"
153.1870204161,-27.4494388196,"Limosa lapponica",c(153.1870204161, -27.4494388196),"#509E2F"
150.748202657,-34.8562482201,"Limosa lapponica",c(150.748202657, -34.8562482201),"#509E2F"
150.7466293002,-34.8544310887,"Limosa lapponica",c(150.7466293002, -34.8544310887),"#509E2F"
150.7482408044,-34.8564119995,"Limosa lapponica",c(150.7482408044, -34.8564119995),"#509E2F"
145.7649061634,-17.0281127046,"Limosa lapponica",c(145.7649061634, -17.0281127046),"#509E2F"
152.9033058056,-31.4086547222,"Limosa lapponica",c(152.9033058056, -31.4086547222),"#509E2F"
150.5034365857,-35.2679013613,"Limosa lapponica",c(150.5034365857, -35.2679013613),"#509E2F"
150.7325246252,-34.9072382416,"Limosa lapponica",c(150.7325246252, -34.9072382416),"#509E2F"
149.8993694444,-36.8966944444,"Limosa lapponica",c(149.8993694444, -36.8966944444),"#509E2F"
145.7720965026,-16.9108859114,"Limosa lapponica",c(145.7720965026, -16.9108859114),"#509E2F"
145.7725833333,-16.9143883333,"Limosa lapponica",c(145.7725833333, -16.9143883333),"#509E2F"
148.0879055,-37.8584366667,"Limosa lapponica",c(148.0879055, -37.8584366667),"#509E2F"
145.7691705794,-16.9107131659,"Limosa lapponica",c(145.7691705794, -16.9107131659),"#509E2F"
151.36293,-33.522045,"Limosa lapponica",c(151.36293, -33.522045),"#509E2F"
153.1341270696,-27.0486736491,"Limosa lapponica",c(153.1341270696, -27.0486736491),"#509E2F"
153.1341301934,-27.0486806569,"Limosa lapponica",c(153.1341301934, -27.0486806569),"#509E2F"
153.1341340149,-27.0486667533,"Limosa lapponica",c(153.1341340149, -27.0486667533),"#509E2F"
153.1341344925,-27.048669731,"Limosa lapponica",c(153.1341344925, -27.048669731),"#509E2F"
153.134137084,-27.0486732636,"Limosa lapponica",c(153.134137084, -27.0486732636),"#509E2F"
153.1341237125,-27.0486696175,"Limosa lapponica",c(153.1341237125, -27.0486696175),"#509E2F"
153.1341337539,-27.0486839076,"Limosa lapponica",c(153.1341337539, -27.0486839076),"#509E2F"
153.1341189504,-27.0486639891,"Limosa lapponica",c(153.1341189504, -27.0486639891),"#509E2F"
153.1342669196,-27.0502842032,"Limosa lapponica",c(153.1342669196, -27.0502842032),"#509E2F"
145.7687278837,-16.9105766657,"Limosa lapponica",c(145.7687278837, -16.9105766657),"#509E2F"
150.1396903,-35.9150272,"Limosa lapponica",c(150.1396903, -35.9150272),"#509E2F"
145.7741673149,-16.9161990724,"Limosa lapponica",c(145.7741673149, -16.9161990724),"#509E2F"
150.670579,-35.037846,"Limosa lapponica",c(150.670579, -35.037846),"#509E2F"
151.1253379722,-34.0160789722,"Limosa lapponica",c(151.1253379722, -34.0160789722),"#509E2F"
145.7705026667,-16.9119747111,"Limosa lapponica",c(145.7705026667, -16.9119747111),"#509E2F"
147.8790866667,-42.5520883333,"Limosa lapponica",c(147.8790866667, -42.5520883333),"#509E2F"
150.1786384184,-35.8428129681,"Limosa lapponica",c(150.1786384184, -35.8428129681),"#509E2F"
153.0378263396,-30.9167251425,"Limosa lapponica",c(153.0378263396, -30.9167251425),"#509E2F"
152.9050447734,-25.6700514398,"Limosa lapponica",c(152.9050447734, -25.6700514398),"#509E2F"
144.5081700902,-38.0460805351,"Limosa lapponica",c(144.5081700902, -38.0460805351),"#509E2F"
144.81517,-37.8744666667,"Limosa lapponica",c(144.81517, -37.8744666667),"#509E2F"
144.8157366667,-37.8743833333,"Limosa lapponica",c(144.8157366667, -37.8743833333),"#509E2F"
144.8114,-37.877445,"Limosa lapponica",c(144.8114, -37.877445),"#509E2F"
145.7712549892,-16.9121991321,"Limosa lapponica",c(145.7712549892, -16.9121991321),"#509E2F"
151.1312980244,-34.0216200222,"Limosa lapponica",c(151.1312980244, -34.0216200222),"#509E2F"
144.8132411187,-37.8776669285,"Limosa lapponica",c(144.8132411187, -37.8776669285),"#509E2F"
152.4881524579,-24.9238433334,"Limosa lapponica",c(152.4881524579, -24.9238433334),"#509E2F"
148.0856933333,-37.8514433333,"Limosa lapponica",c(148.0856933333, -37.8514433333),"#509E2F"
147.87927,-42.55199,"Limosa lapponica",c(147.87927, -42.55199),"#509E2F"
147.8785466667,-42.5522533333,"Limosa lapponica",c(147.8785466667, -42.5522533333),"#509E2F"
147.88033,-42.5514666667,"Limosa lapponica",c(147.88033, -42.5514666667),"#509E2F"
147.88103,-42.5513316667,"Limosa lapponica",c(147.88103, -42.5513316667),"#509E2F"
144.8124343486,-37.8779661021,"Limosa lapponica",c(144.8124343486, -37.8779661021),"#509E2F"
152.8521666667,-31.5483805556,"Limosa lapponica",c(152.8521666667, -31.5483805556),"#509E2F"
145.7626283333,-16.9047516667,"Limosa lapponica",c(145.7626283333, -16.9047516667),"#509E2F"
151.1318622711,-34.0826952014,"Limosa lapponica",c(151.1318622711, -34.0826952014),"#509E2F"
151.1353943591,-34.082502136,"Limosa lapponica",c(151.1353943591, -34.082502136),"#509E2F"
150.775345,-34.93962,"Limosa lapponica",c(150.775345, -34.93962),"#509E2F"
149.9094400182,-36.8971767736,"Limosa lapponica",c(149.9094400182, -36.8971767736),"#509E2F"
153.2120531,-29.9971955,"Limosa lapponica",c(153.2120531, -29.9971955),"#509E2F"
150.7649237292,-34.9360012821,"Limosa lapponica",c(150.7649237292, -34.9360012821),"#509E2F"
115.72976966,-32.5305094321,"Limosa lapponica",c(115.72976966, -32.5305094321),"#509E2F"
147.8793088883,-42.5520172217,"Limosa lapponica",c(147.8793088883, -42.5520172217),"#509E2F"
147.8814338883,-42.5512822217,"Limosa lapponica",c(147.8814338883, -42.5512822217),"#509E2F"
147.8818591667,-42.551094445,"Limosa lapponica",c(147.8818591667, -42.551094445),"#509E2F"
151.144033,-34.0096875997,"Limosa lapponica",c(151.144033, -34.0096875997),"#509E2F"
150.1775,-35.8458333333,"Limosa lapponica",c(150.1775, -35.8458333333),"#509E2F"
151.1358028333,-34.0825805,"Limosa lapponica",c(151.1358028333, -34.0825805),"#509E2F"
145.7766583333,-16.9183916667,"Limosa lapponica",c(145.7766583333, -16.9183916667),"#509E2F"
145.775975,-16.9179583333,"Limosa lapponica",c(145.775975, -16.9179583333),"#509E2F"
145.7737777778,-16.9155361111,"Limosa lapponica",c(145.7737777778, -16.9155361111),"#509E2F"
145.7721027778,-16.9138194444,"Limosa lapponica",c(145.7721027778, -16.9138194444),"#509E2F"
145.7721805556,-16.9139444444,"Limosa lapponica",c(145.7721805556, -16.9139444444),"#509E2F"
145.7721805556,-16.9139444444,"Limosa lapponica",c(145.7721805556, -16.9139444444),"#509E2F"
145.7744883333,-16.9162083333,"Limosa lapponica",c(145.7744883333, -16.9162083333),"#509E2F"
145.7770577448,-16.9188330491,"Limosa lapponica",c(145.7770577448, -16.9188330491),"#509E2F"
145.7767801358,-16.9185867016,"Limosa lapponica",c(145.7767801358, -16.9185867016),"#509E2F"
151.2052171707,-33.9603080418,"Limosa lapponica",c(151.2052171707, -33.9603080418),"#509E2F"
151.1293773292,-34.0211791651,"Limosa lapponica",c(151.1293773292, -34.0211791651),"#509E2F"
151.79089145,-32.8684776183,"Limosa lapponica",c(151.79089145, -32.8684776183),"#509E2F"
145.7661563224,-16.907894924,"Limosa lapponica",c(145.7661563224, -16.907894924),"#509E2F"
148.7201618524,-20.2681685955,"Limosa lapponica",c(148.7201618524, -20.2681685955),"#509E2F"
153.1344315782,-30.2984045054,"Limosa lapponica",c(153.1344315782, -30.2984045054),"#509E2F"
153.1747283333,-27.4357633333,"Limosa lapponica",c(153.1747283333, -27.4357633333),"#509E2F"
152.9034460833,-31.4085805,"Limosa lapponica",c(152.9034460833, -31.4085805),"#509E2F"
148.7208473711,-20.2683559797,"Limosa lapponica",c(148.7208473711, -20.2683559797),"#509E2F"
153.1590111667,-30.2113116667,"Limosa lapponica",c(153.1590111667, -30.2113116667),"#509E2F"
145.774,-16.9166,"Limosa lapponica",c(145.774, -16.9166),"#509E2F"
151.25,-33.9167,"Limosa lapponica",c(151.25, -33.9167),"#509E2F"
153.203,-27.4779,"Limosa lapponica",c(153.203, -27.4779),"#509E2F"
150.747,-34.8618,"Limosa lapponica",c(150.747, -34.8618),"#509E2F"
153.134,-27.0483,"Limosa lapponica",c(153.134, -27.0483),"#509E2F"
142.35,-36.7855,"Limosa lapponica",c(142.35, -36.7855),"#509E2F"
153.109,-27.048,"Limosa lapponica",c(153.109, -27.048),"#509E2F"
153.096,-27.3427,"Limosa lapponica",c(153.096, -27.3427),"#509E2F"
131.36954,-12.43026,"Limosa lapponica",c(131.36954, -12.43026),"#509E2F"
153.184,-27.3757,"Limosa lapponica",c(153.184, -27.3757),"#509E2F"
153.194,-27.4546,"Limosa lapponica",c(153.194, -27.4546),"#509E2F"
144.506,-38.2676,"Limosa lapponica",c(144.506, -38.2676),"#509E2F"
153.113,-27.0861,"Limosa lapponica",c(153.113, -27.0861),"#509E2F"
153.038,-27.2769,"Limosa lapponica",c(153.038, -27.2769),"#509E2F"
153.194,-27.4546,"Limosa lapponica",c(153.194, -27.4546),"#509E2F"
152.603,-31.9547,"Limosa lapponica",c(152.603, -31.9547),"#509E2F"
152.595,-31.9535,"Limosa lapponica",c(152.595, -31.9535),"#509E2F"
147.682,-37.8793,"Limosa lapponica",c(147.682, -37.8793),"#509E2F"
153.233,-27.483,"Limosa lapponica",c(153.233, -27.483),"#509E2F"
153.037,-27.2991,"Limosa lapponica",c(153.037, -27.2991),"#509E2F"
142.598,-37.0339,"Limosa lapponica",c(142.598, -37.0339),"#509E2F"
150.747,-34.8618,"Limosa lapponica",c(150.747, -34.8618),"#509E2F"
153.421,-27.9547,"Limosa lapponica",c(153.421, -27.9547),"#509E2F"
144.592,-37.9979,"Limosa lapponica",c(144.592, -37.9979),"#509E2F"
150.747,-34.8618,"Limosa lapponica",c(150.747, -34.8618),"#509E2F"
136.386,-15.6286,"Limosa lapponica",c(136.386, -15.6286),"#509E2F"
153.37,-27.8036,"Limosa lapponica",c(153.37, -27.8036),"#509E2F"
153.194,-27.4546,"Limosa lapponica",c(153.194, -27.4546),"#509E2F"
152.886,-25.6713,"Limosa lapponica",c(152.886, -25.6713),"#509E2F"
145.774,-16.9163,"Limosa lapponica",c(145.774, -16.9163),"#509E2F"
145.247,-15.4648,"Limosa lapponica",c(145.247, -15.4648),"#509E2F"
153.217,-27.4816,"Limosa lapponica",c(153.217, -27.4816),"#509E2F"
144.592,-37.9979,"Limosa lapponica",c(144.592, -37.9979),"#509E2F"
152.603,-31.9547,"Limosa lapponica",c(152.603, -31.9547),"#509E2F"
145.763,-16.9388,"Limosa lapponica",c(145.763, -16.9388),"#509E2F"
140.807,-38.0488,"Limosa lapponica",c(140.807, -38.0488),"#509E2F"
150.763,-34.9535,"Limosa lapponica",c(150.763, -34.9535),"#509E2F"
138.023,-34.2244,"Limosa lapponica",c(138.023, -34.2244),"#509E2F"
151.126,-33.9853,"Limosa lapponica",c(151.126, -33.9853),"#509E2F"
146.836,-19.2636,"Limosa lapponica",c(146.836, -19.2636),"#509E2F"
150.763,-34.9535,"Limosa lapponica",c(150.763, -34.9535),"#509E2F"
140.846,-17.4731,"Limosa lapponica",c(140.846, -17.4731),"#509E2F"
133.85,-23.74,"Limosa lapponica",c(133.85, -23.74),"#509E2F"
153.099,-27.035,"Limosa lapponica",c(153.099, -27.035),"#509E2F"
153.113,-27.1908,"Limosa lapponica",c(153.113, -27.1908),"#509E2F"
151.078,-33.8373,"Limosa lapponica",c(151.078, -33.8373),"#509E2F"
130.91788,-12.48192,"Limosa lapponica",c(130.91788, -12.48192),"#509E2F"
153.134,-27.0483,"Limosa lapponica",c(153.134, -27.0483),"#509E2F"
144.592,-37.9979,"Limosa lapponica",c(144.592, -37.9979),"#509E2F"
153.083,-27.0833,"Limosa lapponica",c(153.083, -27.0833),"#509E2F"
144.804,-37.8795,"Limosa lapponica",c(144.804, -37.8795),"#509E2F"
145.776,-16.9183,"Limosa lapponica",c(145.776, -16.9183),"#509E2F"
151.208,-33.9611,"Limosa lapponica",c(151.208, -33.9611),"#509E2F"
145.776,-16.9183,"Limosa lapponica",c(145.776, -16.9183),"#509E2F"
153.102,-27.3441,"Limosa lapponica",c(153.102, -27.3441),"#509E2F"
153.409,-27.9552,"Limosa lapponica",c(153.409, -27.9552),"#509E2F"
145.774,-16.9166,"Limosa lapponica",c(145.774, -16.9166),"#509E2F"
153.169,-27.4251,"Limosa lapponica",c(153.169, -27.4251),"#509E2F"
145.774,-16.9166,"Limosa lapponica",c(145.774, -16.9166),"#509E2F"
142.311,-38.3565,"Limosa lapponica",c(142.311, -38.3565),"#509E2F"
144.592,-37.9979,"Limosa lapponica",c(144.592, -37.9979),"#509E2F"
147.11,-19.3976,"Limosa lapponica",c(147.11, -19.3976),"#509E2F"
144.591,-38.0048,"Limosa lapponica",c(144.591, -38.0048),"#509E2F"
146.884,-38.627,"Limosa lapponica",c(146.884, -38.627),"#509E2F"
146.417,-19.0279,"Limosa lapponica",c(146.417, -19.0279),"#509E2F"
145.776,-16.9183,"Limosa lapponica",c(145.776, -16.9183),"#509E2F"
153.026,-27.2753,"Limosa lapponica",c(153.026, -27.2753),"#509E2F"
153.194,-27.4546,"Limosa lapponica",c(153.194, -27.4546),"#509E2F"
150.747,-34.8618,"Limosa lapponica",c(150.747, -34.8618),"#509E2F"
150.773,-34.9466,"Limosa lapponica",c(150.773, -34.9466),"#509E2F"
153.421,-27.9547,"Limosa lapponica",c(153.421, -27.9547),"#509E2F"
150.763,-34.9535,"Limosa lapponica",c(150.763, -34.9535),"#509E2F"
152.903,-31.4084,"Limosa lapponica",c(152.903, -31.4084),"#509E2F"
153.203,-27.4779,"Limosa lapponica",c(153.203, -27.4779),"#509E2F"
152.726,-25.269,"Limosa lapponica",c(152.726, -25.269),"#509E2F"
152.395,-24.7711,"Limosa lapponica",c(152.395, -24.7711),"#509E2F"
150.858,-34.5342,"Limosa lapponica",c(150.858, -34.5342),"#509E2F"
149.936,-36.7867,"Limosa lapponica",c(149.936, -36.7867),"#509E2F"
145.774,-16.9166,"Limosa lapponica",c(145.774, -16.9166),"#509E2F"
145.776,-16.9183,"Limosa lapponica",c(145.776, -16.9183),"#509E2F"
152.603,-31.9547,"Limosa lapponica",c(152.603, -31.9547),"#509E2F"
153.114,-27.1901,"Limosa lapponica",c(153.114, -27.1901),"#509E2F"
145.763,-16.9034,"Limosa lapponica",c(145.763, -16.9034),"#509E2F"
146.844,-19.2682,"Limosa lapponica",c(146.844, -19.2682),"#509E2F"
145.774,-16.9166,"Limosa lapponica",c(145.774, -16.9166),"#509E2F"
147.531,-42.7903,"Limosa lapponica",c(147.531, -42.7903),"#509E2F"
151.071,-33.8434,"Limosa lapponica",c(151.071, -33.8434),"#509E2F"
150.763,-34.9535,"Limosa lapponica",c(150.763, -34.9535),"#509E2F"
150.819,-34.5005,"Limosa lapponica",c(150.819, -34.5005),"#509E2F"
145.774,-16.9166,"Limosa lapponica",c(145.774, -16.9166),"#509E2F"
146.755,-19.2115,"Limosa lapponica",c(146.755, -19.2115),"#509E2F"
145.774,-16.9166,"Limosa lapponica",c(145.774, -16.9166),"#509E2F"
153.038,-27.2769,"Limosa lapponica",c(153.038, -27.2769),"#509E2F"
153.134,-27.0483,"Limosa lapponica",c(153.134, -27.0483),"#509E2F"
146.59,-19.1500000093487,"Limosa lapponica",c(146.59, -19.1500000093487),"#509E2F"
153.177,-27.4421,"Limosa lapponica",c(153.177, -27.4421),"#509E2F"
151.79,-32.8834,"Limosa lapponica",c(151.79, -32.8834),"#509E2F"
150.835,-34.4875,"Limosa lapponica",c(150.835, -34.4875),"#509E2F"
146.335,-38.691,"Limosa lapponica",c(146.335, -38.691),"#509E2F"
153.203,-27.4779,"Limosa lapponica",c(153.203, -27.4779),"#509E2F"
149.899,-36.8997,"Limosa lapponica",c(149.899, -36.8997),"#509E2F"
145.774,-16.9166,"Limosa lapponica",c(145.774, -16.9166),"#509E2F"
153.119,-27.0255,"Limosa lapponica",c(153.119, -27.0255),"#509E2F"
153.102,-27.2002,"Limosa lapponica",c(153.102, -27.2002),"#509E2F"
145.545,-38.3813,"Limosa lapponica",c(145.545, -38.3813),"#509E2F"
144.522,-38.0456,"Limosa lapponica",c(144.522, -38.0456),"#509E2F"
150.747,-34.8618,"Limosa lapponica",c(150.747, -34.8618),"#509E2F"
150.13,-36.0716,"Limosa lapponica",c(150.13, -36.0716),"#509E2F"
153.515,-28.9492,"Limosa lapponica",c(153.515, -28.9492),"#509E2F"
153.186,-27.4464,"Limosa lapponica",c(153.186, -27.4464),"#509E2F"
153.168,-27.4224,"Limosa lapponica",c(153.168, -27.4224),"#509E2F"
153.101,-27.3423,"Limosa lapponica",c(153.101, -27.3423),"#509E2F"
151.782,-32.8805,"Limosa lapponica",c(151.782, -32.8805),"#509E2F"
153.184,-27.3757,"Limosa lapponica",c(153.184, -27.3757),"#509E2F"
150.847,-34.5416,"Limosa lapponica",c(150.847, -34.5416),"#509E2F"
152.603,-31.9547,"Limosa lapponica",c(152.603, -31.9547),"#509E2F"
152.603,-31.9547,"Limosa lapponica",c(152.603, -31.9547),"#509E2F"
150.747,-34.8618,"Limosa lapponica",c(150.747, -34.8618),"#509E2F"
153.109,-27.048,"Limosa lapponica",c(153.109, -27.048),"#509E2F"
145.247,-15.4648,"Limosa lapponica",c(145.247, -15.4648),"#509E2F"
151.501,-33.2955,"Limosa lapponica",c(151.501, -33.2955),"#509E2F"
152.603,-31.9547,"Limosa lapponica",c(152.603, -31.9547),"#509E2F"
148.717,-20.2677,"Limosa lapponica",c(148.717, -20.2677),"#509E2F"
153.109,-27.048,"Limosa lapponica",c(153.109, -27.048),"#509E2F"
145.776,-16.9183,"Limosa lapponica",c(145.776, -16.9183),"#509E2F"
153.437,-29.0764,"Limosa lapponica",c(153.437, -29.0764),"#509E2F"
151.783,-32.916,"Limosa lapponica",c(151.783, -32.916),"#509E2F"
150.741,-34.9095,"Limosa lapponica",c(150.741, -34.9095),"#509E2F"
153.168,-27.4224,"Limosa lapponica",c(153.168, -27.4224),"#509E2F"
145.764,-16.9058,"Limosa lapponica",c(145.764, -16.9058),"#509E2F"
145.774,-16.9166,"Limosa lapponica",c(145.774, -16.9166),"#509E2F"
152.908,-31.4281,"Limosa lapponica",c(152.908, -31.4281),"#509E2F"
153.194,-27.4546,"Limosa lapponica",c(153.194, -27.4546),"#509E2F"
153.203,-27.4779,"Limosa lapponica",c(153.203, -27.4779),"#509E2F"
153.194,-27.4546,"Limosa lapponica",c(153.194, -27.4546),"#509E2F"
144.592,-37.9979,"Limosa lapponica",c(144.592, -37.9979),"#509E2F"
135.86083,-13.55633,"Limosa lapponica",c(135.86083, -13.55633),"#509E2F"
145.764,-16.9058,"Limosa lapponica",c(145.764, -16.9058),"#509E2F"
152.585,-31.9695,"Limosa lapponica",c(152.585, -31.9695),"#509E2F"
150.014,-36.6251,"Limosa lapponica",c(150.014, -36.6251),"#509E2F"
144.592,-37.9979,"Limosa lapponica",c(144.592, -37.9979),"#509E2F"
153.036,-27.1956,"Limosa lapponica",c(153.036, -27.1956),"#509E2F"
144.592,-37.9979,"Limosa lapponica",c(144.592, -37.9979),"#509E2F"
153.188,-27.4465,"Limosa lapponica",c(153.188, -27.4465),"#509E2F"
150.835,-34.4875,"Limosa lapponica",c(150.835, -34.4875),"#509E2F"
149.915,-36.8875,"Limosa lapponica",c(149.915, -36.8875),"#509E2F"
145.767,-16.9108,"Limosa lapponica",c(145.767, -16.9108),"#509E2F"
151.79,-32.8834,"Limosa lapponica",c(151.79, -32.8834),"#509E2F"
144.506,-38.2676,"Limosa lapponica",c(144.506, -38.2676),"#509E2F"
152.512,-32.1793,"Limosa lapponica",c(152.512, -32.1793),"#509E2F"
145.774,-16.9166,"Limosa lapponica",c(145.774, -16.9166),"#509E2F"
153.104,-27.3443,"Limosa lapponica",c(153.104, -27.3443),"#509E2F"
153.037,-27.2991,"Limosa lapponica",c(153.037, -27.2991),"#509E2F"
153.356,-27.8709,"Limosa lapponica",c(153.356, -27.8709),"#509E2F"
144.602,-37.9968,"Limosa lapponica",c(144.602, -37.9968),"#509E2F"
142.508,-10.7083,"Limosa lapponica",c(142.508, -10.7083),"#509E2F"
145.774,-16.9166,"Limosa lapponica",c(145.774, -16.9166),"#509E2F"
151.08,-33.838,"Limosa lapponica",c(151.08, -33.838),"#509E2F"
145.764,-16.9058,"Limosa lapponica",c(145.764, -16.9058),"#509E2F"
130.36789,-12.88193,"Limosa lapponica",c(130.36789, -12.88193),"#509E2F"
153.194,-27.4546,"Limosa lapponica",c(153.194, -27.4546),"#509E2F"
130.93454,-12.38192,"Limosa lapponica",c(130.93454, -12.38192),"#509E2F"
151.208,-33.9611,"Limosa lapponica",c(151.208, -33.9611),"#509E2F"
145.247,-15.4648,"Limosa lapponica",c(145.247, -15.4648),"#509E2F"
145.774,-16.9166,"Limosa lapponica",c(145.774, -16.9166),"#509E2F"
153.109,-27.048,"Limosa lapponica",c(153.109, -27.048),"#509E2F"
152.603,-31.9547,"Limosa lapponica",c(152.603, -31.9547),"#509E2F"
150.858,-34.5342,"Limosa lapponica",c(150.858, -34.5342),"#509E2F"
148.548,-37.8019,"Limosa lapponica",c(148.548, -37.8019),"#509E2F"
144.592,-37.9979,"Limosa lapponica",c(144.592, -37.9979),"#509E2F"
153.183,-27.445,"Limosa lapponica",c(153.183, -27.445),"#509E2F"
146.677,-19.1913,"Limosa lapponica",c(146.677, -19.1913),"#509E2F"
135.83433,-11.9115,"Limosa lapponica",c(135.83433, -11.9115),"#509E2F"
149.901,-36.8977,"Limosa lapponica",c(149.901, -36.8977),"#509E2F"
153.038,-27.2769,"Limosa lapponica",c(153.038, -27.2769),"#509E2F"
145.764,-16.9058,"Limosa lapponica",c(145.764, -16.9058),"#509E2F"
145.774,-16.9166,"Limosa lapponica",c(145.774, -16.9166),"#509E2F"
153.157,-30.2089,"Limosa lapponica",c(153.157, -30.2089),"#509E2F"
153.168,-27.4224,"Limosa lapponica",c(153.168, -27.4224),"#509E2F"
145.774,-16.9166,"Limosa lapponica",c(145.774, -16.9166),"#509E2F"
153.056,-27.2413,"Limosa lapponica",c(153.056, -27.2413),"#509E2F"
150.747,-34.8618,"Limosa lapponica",c(150.747, -34.8618),"#509E2F"
150.858,-34.5342,"Limosa lapponica",c(150.858, -34.5342),"#509E2F"
145.776,-16.9183,"Limosa lapponica",c(145.776, -16.9183),"#509E2F"
145.774,-16.9166,"Limosa lapponica",c(145.774, -16.9166),"#509E2F"
153.574,-28.8628,"Limosa lapponica",c(153.574, -28.8628),"#509E2F"
153.578,-28.8818,"Limosa lapponica",c(153.578, -28.8818),"#509E2F"
122.219,-17.8406,"Limosa lapponica",c(122.219, -17.8406),"#509E2F"
153.512,-28.217,"Limosa lapponica",c(153.512, -28.217),"#509E2F"
153.112,-27.1914,"Limosa lapponica",c(153.112, -27.1914),"#509E2F"
144.592,-37.9979,"Limosa lapponica",c(144.592, -37.9979),"#509E2F"
148.256,-41.3227,"Limosa lapponica",c(148.256, -41.3227),"#509E2F"
144.592,-37.9979,"Limosa lapponica",c(144.592, -37.9979),"#509E2F"
152.585,-31.9695,"Limosa lapponica",c(152.585, -31.9695),"#509E2F"
130.15917,-11.6995,"Limosa lapponica",c(130.15917, -11.6995),"#509E2F"
150.744,-34.8476,"Limosa lapponica",c(150.744, -34.8476),"#509E2F"
145.774,-16.9166,"Limosa lapponica",c(145.774, -16.9166),"#509E2F"
145.763,-16.9034,"Limosa lapponica",c(145.763, -16.9034),"#509E2F"
151.79,-32.8834,"Limosa lapponica",c(151.79, -32.8834),"#509E2F"
153.096,-27.3427,"Limosa lapponica",c(153.096, -27.3427),"#509E2F"
145.774,-16.9166,"Limosa lapponica",c(145.774, -16.9166),"#509E2F"
146.836,-19.2636,"Limosa lapponica",c(146.836, -19.2636),"#509E2F"
150.747,-34.8618,"Limosa lapponica",c(150.747, -34.8618),"#509E2F"
138.828,-35.5283,"Limosa lapponica",c(138.828, -35.5283),"#509E2F"
150.847,-34.5416,"Limosa lapponica",c(150.847, -34.5416),"#509E2F"
149.908,-36.8873,"Limosa lapponica",c(149.908, -36.8873),"#509E2F"
153.012,-30.6487,"Limosa lapponica",c(153.012, -30.6487),"#509E2F"
152.691,-31.877,"Limosa lapponica",c(152.691, -31.877),"#509E2F"
145.774,-16.9166,"Limosa lapponica",c(145.774, -16.9166),"#509E2F"
153.037,-27.2991,"Limosa lapponica",c(153.037, -27.2991),"#509E2F"
153.096,-27.3427,"Limosa lapponica",c(153.096, -27.3427),"#509E2F"
148.548,-37.8019,"Limosa lapponica",c(148.548, -37.8019),"#509E2F"
153.203,-27.4779,"Limosa lapponica",c(153.203, -27.4779),"#509E2F"
145.776,-16.9183,"Limosa lapponica",c(145.776, -16.9183),"#509E2F"
145.776,-16.9183,"Limosa lapponica",c(145.776, -16.9183),"#509E2F"
153.11,-27.2523,"Limosa lapponica",c(153.11, -27.2523),"#509E2F"
150.846,-34.4839,"Limosa lapponica",c(150.846, -34.4839),"#509E2F"
145.763,-16.9034,"Limosa lapponica",c(145.763, -16.9034),"#509E2F"
150.747,-34.8618,"Limosa lapponica",c(150.747, -34.8618),"#509E2F"
153.096,-27.3427,"Limosa lapponica",c(153.096, -27.3427),"#509E2F"
151.129,-34.0208,"Limosa lapponica",c(151.129, -34.0208),"#509E2F"
145.776,-16.9183,"Limosa lapponica",c(145.776, -16.9183),"#509E2F"
153.083,-27.0833,"Limosa lapponica",c(153.083, -27.0833),"#509E2F"
147.531,-42.7903,"Limosa lapponica",c(147.531, -42.7903),"#509E2F"
152.395,-24.7711,"Limosa lapponica",c(152.395, -24.7711),"#509E2F"
145.774,-16.9166,"Limosa lapponica",c(145.774, -16.9166),"#509E2F"
150.166,-25.25,"Limosa lapponica",c(150.166, -25.25),"#509E2F"
153.477,-28.1283,"Limosa lapponica",c(153.477, -28.1283),"#509E2F"
145.764,-16.9058,"Limosa lapponica",c(145.764, -16.9058),"#509E2F"
151.071,-33.8434,"Limosa lapponica",c(151.071, -33.8434),"#509E2F"
145.774,-16.9166,"Limosa lapponica",c(145.774, -16.9166),"#509E2F"
153.102,-27.3441,"Limosa lapponica",c(153.102, -27.3441),"#509E2F"
151.79,-32.8834,"Limosa lapponica",c(151.79, -32.8834),"#509E2F"
153.037,-27.2991,"Limosa lapponica",c(153.037, -27.2991),"#509E2F"
153.019,-30.8756,"Limosa lapponica",c(153.019, -30.8756),"#509E2F"
152.603,-31.9547,"Limosa lapponica",c(152.603, -31.9547),"#509E2F"
153.184,-27.3757,"Limosa lapponica",c(153.184, -27.3757),"#509E2F"
153.184,-27.3757,"Limosa lapponica",c(153.184, -27.3757),"#509E2F"
152.899,-31.4334,"Limosa lapponica",c(152.899, -31.4334),"#509E2F"
153.041,-27.2866,"Limosa lapponica",c(153.041, -27.2866),"#509E2F"
153.184,-27.3757,"Limosa lapponica",c(153.184, -27.3757),"#509E2F"
152.395,-24.7711,"Limosa lapponica",c(152.395, -24.7711),"#509E2F"
148.98,-20.250000010818,"Limosa lapponica",c(148.98, -20.250000010818),"#509E2F"
151.781,-32.8745,"Limosa lapponica",c(151.781, -32.8745),"#509E2F"
131.55121,-12.36526,"Limosa lapponica",c(131.55121, -12.36526),"#509E2F"
150.447,-35.3902,"Limosa lapponica",c(150.447, -35.3902),"#509E2F"
153.134,-27.0483,"Limosa lapponica",c(153.134, -27.0483),"#509E2F"
145.515,-16.5733,"Limosa lapponica",c(145.515, -16.5733),"#509E2F"
130.32695,-12.89677,"Limosa lapponica",c(130.32695, -12.89677),"#509E2F"
153.591,-28.6285,"Limosa lapponica",c(153.591, -28.6285),"#509E2F"
152.608,-25.1866,"Limosa lapponica",c(152.608, -25.1866),"#509E2F"
152.603,-31.9547,"Limosa lapponica",c(152.603, -31.9547),"#509E2F"
144.592,-37.9979,"Limosa lapponica",c(144.592, -37.9979),"#509E2F"
153.168,-27.4224,"Limosa lapponica",c(153.168, -27.4224),"#509E2F"
145.763,-16.9044,"Limosa lapponica",c(145.763, -16.9044),"#509E2F"
145.774,-16.9166,"Limosa lapponica",c(145.774, -16.9166),"#509E2F"
150.758,-34.9345,"Limosa lapponica",c(150.758, -34.9345),"#509E2F"
153.038,-26.3967,"Limosa lapponica",c(153.038, -26.3967),"#509E2F"
150.84,-23.5200000156716,"Limosa lapponica",c(150.84, -23.5200000156716),"#509E2F"
145.774,-16.9166,"Limosa lapponica",c(145.774, -16.9166),"#509E2F"
150.747,-34.8629,"Limosa lapponica",c(150.747, -34.8629),"#509E2F"
152.491,-24.9208,"Limosa lapponica",c(152.491, -24.9208),"#509E2F"
145.764,-16.9058,"Limosa lapponica",c(145.764, -16.9058),"#509E2F"
145.774,-16.9166,"Limosa lapponica",c(145.774, -16.9166),"#509E2F"
144.592,-37.9979,"Limosa lapponica",c(144.592, -37.9979),"#509E2F"
150.13,-36.0716,"Limosa lapponica",c(150.13, -36.0716),"#509E2F"
151.285,-33.7141,"Limosa lapponica",c(151.285, -33.7141),"#509E2F"
144.808,-37.8781,"Limosa lapponica",c(144.808, -37.8781),"#509E2F"
153.037,-27.2991,"Limosa lapponica",c(153.037, -27.2991),"#509E2F"
145.763,-16.9034,"Limosa lapponica",c(145.763, -16.9034),"#509E2F"
149.901,-36.8977,"Limosa lapponica",c(149.901, -36.8977),"#509E2F"
153.134,-27.0465,"Limosa lapponica",c(153.134, -27.0465),"#509E2F"
145.774,-16.9166,"Limosa lapponica",c(145.774, -16.9166),"#509E2F"
140.807,-38.0488,"Limosa lapponica",c(140.807, -38.0488),"#509E2F"
150.847,-34.5416,"Limosa lapponica",c(150.847, -34.5416),"#509E2F"
153.571,-28.8645,"Limosa lapponica",c(153.571, -28.8645),"#509E2F"
145.764,-16.9058,"Limosa lapponica",c(145.764, -16.9058),"#509E2F"
153.184,-27.3757,"Limosa lapponica",c(153.184, -27.3757),"#509E2F"
153.184,-27.3757,"Limosa lapponica",c(153.184, -27.3757),"#509E2F"
145.774,-16.9166,"Limosa lapponica",c(145.774, -16.9166),"#509E2F"
153.203,-27.4779,"Limosa lapponica",c(153.203, -27.4779),"#509E2F"
153.083,-27.0833,"Limosa lapponica",c(153.083, -27.0833),"#509E2F"
146.836,-19.2636,"Limosa lapponica",c(146.836, -19.2636),"#509E2F"
153.174,-27.4345,"Limosa lapponica",c(153.174, -27.4345),"#509E2F"
153.184,-27.3757,"Limosa lapponica",c(153.184, -27.3757),"#509E2F"
144.592,-37.9979,"Limosa lapponica",c(144.592, -37.9979),"#509E2F"
145.776,-16.9183,"Limosa lapponica",c(145.776, -16.9183),"#509E2F"
153.184,-27.3757,"Limosa lapponica",c(153.184, -27.3757),"#509E2F"
149.756,-37.5562,"Limosa lapponica",c(149.756, -37.5562),"#509E2F"
153.109,-27.048,"Limosa lapponica",c(153.109, -27.048),"#509E2F"
150.744,-34.8476,"Limosa lapponica",c(150.744, -34.8476),"#509E2F"
153.134,-27.0483,"Limosa lapponica",c(153.134, -27.0483),"#509E2F"
150.747,-34.8618,"Limosa lapponica",c(150.747, -34.8618),"#509E2F"
153.172,-27.4318,"Limosa lapponica",c(153.172, -27.4318),"#509E2F"
152.903,-31.4084,"Limosa lapponica",c(152.903, -31.4084),"#509E2F"
153.152,-27.3835,"Limosa lapponica",c(153.152, -27.3835),"#509E2F"
147.537,-42.798,"Limosa lapponica",c(147.537, -42.798),"#509E2F"
148.556,-37.7987,"Limosa lapponica",c(148.556, -37.7987),"#509E2F"
153.175,-27.425,"Limosa lapponica",c(153.175, -27.425),"#509E2F"
153.026,-30.8864,"Limosa lapponica",c(153.026, -30.8864),"#509E2F"
145.774,-16.9166,"Limosa lapponica",c(145.774, -16.9166),"#509E2F"
153.107,-27.3466,"Limosa lapponica",c(153.107, -27.3466),"#509E2F"
145.776,-16.9183,"Limosa lapponica",c(145.776, -16.9183),"#509E2F"
144.592,-37.9979,"Limosa lapponica",c(144.592, -37.9979),"#509E2F"
134.34694,-33.14012,"Limosa lapponica",c(134.34694, -33.14012),"#509E2F"
151.703,-32.8406,"Limosa lapponica",c(151.703, -32.8406),"#509E2F"
145.774,-16.9166,"Limosa lapponica",c(145.774, -16.9166),"#509E2F"
153.109,-27.048,"Limosa lapponica",c(153.109, -27.048),"#509E2F"
153.096,-27.3427,"Limosa lapponica",c(153.096, -27.3427),"#509E2F"
151.79,-32.8834,"Limosa lapponica",c(151.79, -32.8834),"#509E2F"
151.77,-32.868,"Limosa lapponica",c(151.77, -32.868),"#509E2F"
152.874,-25.6094,"Limosa lapponica",c(152.874, -25.6094),"#509E2F"
120.16294,-19.91426,"Limosa lapponica",c(120.16294, -19.91426),"#509E2F"
147.217,-38.3517,"Limosa lapponica",c(147.217, -38.3517),"#509E2F"
153.103,-27.2002,"Limosa lapponica",c(153.103, -27.2002),"#509E2F"
153.179,-27.4444,"Limosa lapponica",c(153.179, -27.4444),"#509E2F"
145.776,-16.9183,"Limosa lapponica",c(145.776, -16.9183),"#509E2F"
153.134,-27.0483,"Limosa lapponica",c(153.134, -27.0483),"#509E2F"
145.791,-38.6389,"Limosa lapponica",c(145.791, -38.6389),"#509E2F"
150.747,-34.8618,"Limosa lapponica",c(150.747, -34.8618),"#509E2F"
153.549,-28.5295,"Limosa lapponica",c(153.549, -28.5295),"#509E2F"
150.747,-34.8618,"Limosa lapponica",c(150.747, -34.8618),"#509E2F"
135.83117,-11.92357,"Limosa lapponica",c(135.83117, -11.92357),"#509E2F"
153.184,-27.3757,"Limosa lapponica",c(153.184, -27.3757),"#509E2F"
145.741,-16.8614,"Limosa lapponica",c(145.741, -16.8614),"#509E2F"
153.134,-27.0483,"Limosa lapponica",c(153.134, -27.0483),"#509E2F"
144.510294,-38.045701,"Calidris ruficollis",c(144.510294, -38.045701),"#2F6C99"
153.318832,-27.710346,"Calidris ruficollis",c(153.318832, -27.710346),"#2F6C99"
144.50642,-38.046376,"Calidris ruficollis",c(144.50642, -38.046376),"#2F6C99"
144.879179,-37.866478,"Calidris ruficollis",c(144.879179, -37.866478),"#2F6C99"
144.879262,-37.866368,"Calidris ruficollis",c(144.879262, -37.866368),"#2F6C99"
149.981089,-36.70145,"Calidris ruficollis",c(149.981089, -36.70145),"#2F6C99"
144.532958,-38.041317,"Calidris ruficollis",c(144.532958, -38.041317),"#2F6C99"
144.526589,-38.023049,"Calidris ruficollis",c(144.526589, -38.023049),"#2F6C99"
153.168693,-27.406631,"Calidris ruficollis",c(153.168693, -27.406631),"#2F6C99"
150.7434,-34.859418,"Calidris ruficollis",c(150.7434, -34.859418),"#2F6C99"
150.743385,-34.859427,"Calidris ruficollis",c(150.743385, -34.859427),"#2F6C99"
144.879167,-37.866506,"Calidris ruficollis",c(144.879167, -37.866506),"#2F6C99"
144.563034,-38.027187,"Calidris ruficollis",c(144.563034, -38.027187),"#2F6C99"
153.169516,-27.408706,"Calidris ruficollis",c(153.169516, -27.408706),"#2F6C99"
144.506461,-38.047112,"Calidris ruficollis",c(144.506461, -38.047112),"#2F6C99"
137.208878,-35.188373,"Calidris ruficollis",c(137.208878, -35.188373),"#2F6C99"
144.506711,-38.046623,"Calidris ruficollis",c(144.506711, -38.046623),"#2F6C99"
144.879258,-37.866633,"Calidris ruficollis",c(144.879258, -37.866633),"#2F6C99"
144.440003,-38.086001,"Calidris ruficollis",c(144.440003, -38.086001),"#2F6C99"
144.380147,-38.302337,"Calidris ruficollis",c(144.380147, -38.302337),"#2F6C99"
144.508078,-38.045623,"Calidris ruficollis",c(144.508078, -38.045623),"#2F6C99"
144.506649,-38.04667,"Calidris ruficollis",c(144.506649, -38.04667),"#2F6C99"
139.852624,-36.809401,"Calidris ruficollis",c(139.852624, -36.809401),"#2F6C99"
144.506686,-38.04657,"Calidris ruficollis",c(144.506686, -38.04657),"#2F6C99"
144.425433,-38.085168,"Calidris ruficollis",c(144.425433, -38.085168),"#2F6C99"
152.601298,-31.958719,"Calidris ruficollis",c(152.601298, -31.958719),"#2F6C99"
144.433478,-38.085307,"Calidris ruficollis",c(144.433478, -38.085307),"#2F6C99"
144.571983,-38.02064,"Calidris ruficollis",c(144.571983, -38.02064),"#2F6C99"
144.566923,-38.023123,"Calidris ruficollis",c(144.566923, -38.023123),"#2F6C99"
144.511864,-38.04385,"Calidris ruficollis",c(144.511864, -38.04385),"#2F6C99"
152.692975,-31.87464,"Calidris ruficollis",c(152.692975, -31.87464),"#2F6C99"
144.511993,-38.044356,"Calidris ruficollis",c(144.511993, -38.044356),"#2F6C99"
144.51195,-38.043681,"Calidris ruficollis",c(144.51195, -38.043681),"#2F6C99"
148.562618,-37.79908,"Calidris ruficollis",c(148.562618, -37.79908),"#2F6C99"
144.50851,-38.039413,"Calidris ruficollis",c(144.50851, -38.039413),"#2F6C99"
144.380438,-38.300713,"Calidris ruficollis",c(144.380438, -38.300713),"#2F6C99"
144.506727,-38.046576,"Calidris ruficollis",c(144.506727, -38.046576),"#2F6C99"
144.628572,-37.986498,"Calidris ruficollis",c(144.628572, -37.986498),"#2F6C99"
144.511778,-38.043444,"Calidris ruficollis",c(144.511778, -38.043444),"#2F6C99"
144.899322,-37.845417,"Calidris ruficollis",c(144.899322, -37.845417),"#2F6C99"
142.103292,-34.201677,"Calidris ruficollis",c(142.103292, -34.201677),"#2F6C99"
121.823611,-33.822195,"Calidris ruficollis",c(121.823611, -33.822195),"#2F6C99"
144.384543,-38.293154,"Calidris ruficollis",c(144.384543, -38.293154),"#2F6C99"
144.42679,-38.283669,"Calidris ruficollis",c(144.42679, -38.283669),"#2F6C99"
144.50685,-38.046822,"Calidris ruficollis",c(144.50685, -38.046822),"#2F6C99"
153.099063,-27.343159,"Calidris ruficollis",c(153.099063, -27.343159),"#2F6C99"
144.37902,-38.301637,"Calidris ruficollis",c(144.37902, -38.301637),"#2F6C99"
144.56845,-38.021232,"Calidris ruficollis",c(144.56845, -38.021232),"#2F6C99"
150.07932,-36.370733,"Calidris ruficollis",c(150.07932, -36.370733),"#2F6C99"
144.378499,-38.301374,"Calidris ruficollis",c(144.378499, -38.301374),"#2F6C99"
144.506837,-38.0468,"Calidris ruficollis",c(144.506837, -38.0468),"#2F6C99"
144.378962,-38.301781,"Calidris ruficollis",c(144.378962, -38.301781),"#2F6C99"
144.566682,-38.022286,"Calidris ruficollis",c(144.566682, -38.022286),"#2F6C99"
149.762857,-37.558947,"Calidris ruficollis",c(149.762857, -37.558947),"#2F6C99"
144.506697,-38.047042,"Calidris ruficollis",c(144.506697, -38.047042),"#2F6C99"
144.377629,-38.302856,"Calidris ruficollis",c(144.377629, -38.302856),"#2F6C99"
144.602488,-37.962902,"Calidris ruficollis",c(144.602488, -37.962902),"#2F6C99"
144.574139,-37.993148,"Calidris ruficollis",c(144.574139, -37.993148),"#2F6C99"
144.506443,-38.047428,"Calidris ruficollis",c(144.506443, -38.047428),"#2F6C99"
144.37723,-38.299878,"Calidris ruficollis",c(144.37723, -38.299878),"#2F6C99"
144.437459,-38.085287,"Calidris ruficollis",c(144.437459, -38.085287),"#2F6C99"
144.437459,-38.085287,"Calidris ruficollis",c(144.437459, -38.085287),"#2F6C99"
144.510554,-38.04251,"Calidris ruficollis",c(144.510554, -38.04251),"#2F6C99"
144.506681,-38.046639,"Calidris ruficollis",c(144.506681, -38.046639),"#2F6C99"
144.506542,-38.046953,"Calidris ruficollis",c(144.506542, -38.046953),"#2F6C99"
144.437459,-38.085287,"Calidris ruficollis",c(144.437459, -38.085287),"#2F6C99"
144.5065,-38.047337,"Calidris ruficollis",c(144.5065, -38.047337),"#2F6C99"
144.50737,-38.046032,"Calidris ruficollis",c(144.50737, -38.046032),"#2F6C99"
144.5065,-38.047322,"Calidris ruficollis",c(144.5065, -38.047322),"#2F6C99"
144.506852,-38.04678,"Calidris ruficollis",c(144.506852, -38.04678),"#2F6C99"
144.5065,-38.047337,"Calidris ruficollis",c(144.5065, -38.047337),"#2F6C99"
144.506837,-38.04678,"Calidris ruficollis",c(144.506837, -38.04678),"#2F6C99"
144.506622,-38.047127,"Calidris ruficollis",c(144.506622, -38.047127),"#2F6C99"
144.506622,-38.047127,"Calidris ruficollis",c(144.506622, -38.047127),"#2F6C99"
144.506852,-38.046792,"Calidris ruficollis",c(144.506852, -38.046792),"#2F6C99"
144.5065,-38.04734,"Calidris ruficollis",c(144.5065, -38.04734),"#2F6C99"
144.50737,-38.045918,"Calidris ruficollis",c(144.50737, -38.045918),"#2F6C99"
144.506622,-38.047127,"Calidris ruficollis",c(144.506622, -38.047127),"#2F6C99"
144.50669,-38.04664,"Calidris ruficollis",c(144.50669, -38.04664),"#2F6C99"
144.811768,-37.876755,"Calidris ruficollis",c(144.811768, -37.876755),"#2F6C99"
144.506698,-38.047028,"Calidris ruficollis",c(144.506698, -38.047028),"#2F6C99"
144.506698,-38.047028,"Calidris ruficollis",c(144.506698, -38.047028),"#2F6C99"
144.5065,-38.04734,"Calidris ruficollis",c(144.5065, -38.04734),"#2F6C99"
144.5065,-38.047333,"Calidris ruficollis",c(144.5065, -38.047333),"#2F6C99"
144.5065,-38.04734,"Calidris ruficollis",c(144.5065, -38.04734),"#2F6C99"
144.5065,-38.047333,"Calidris ruficollis",c(144.5065, -38.047333),"#2F6C99"
144.5065,-38.04734,"Calidris ruficollis",c(144.5065, -38.04734),"#2F6C99"
144.512695,-38.042678,"Calidris ruficollis",c(144.512695, -38.042678),"#2F6C99"
143.610168,-35.466553,"Calidris ruficollis",c(143.610168, -35.466553),"#2F6C99"
150.747154,-34.861838,"Calidris ruficollis",c(150.747154, -34.861838),"#2F6C99"
150.747154,-34.861838,"Calidris ruficollis",c(150.747154, -34.861838),"#2F6C99"
150.747154,-34.861838,"Calidris ruficollis",c(150.747154, -34.861838),"#2F6C99"
150.747154,-34.861838,"Calidris ruficollis",c(150.747154, -34.861838),"#2F6C99"
150.747154,-34.861838,"Calidris ruficollis",c(150.747154, -34.861838),"#2F6C99"
150.747154,-34.861838,"Calidris ruficollis",c(150.747154, -34.861838),"#2F6C99"
150.747154,-34.861838,"Calidris ruficollis",c(150.747154, -34.861838),"#2F6C99"
146.336584,-38.691183,"Calidris ruficollis",c(146.336584, -38.691183),"#2F6C99"
144.378709,-38.301867,"Calidris ruficollis",c(144.378709, -38.301867),"#2F6C99"
138.163038,-34.269197,"Calidris ruficollis",c(138.163038, -34.269197),"#2F6C99"
144.37951,-38.301267,"Calidris ruficollis",c(144.37951, -38.301267),"#2F6C99"
147.376119,-42.31106,"Calidris ruficollis",c(147.376119, -42.31106),"#2F6C99"
139.853309,-36.806455,"Calidris ruficollis",c(139.853309, -36.806455),"#2F6C99"
147.375924,-42.311068,"Calidris ruficollis",c(147.375924, -42.311068),"#2F6C99"
144.377853,-38.302502,"Calidris ruficollis",c(144.377853, -38.302502),"#2F6C99"
144.506675,-38.04679,"Calidris ruficollis",c(144.506675, -38.04679),"#2F6C99"
144.635062,-37.988153,"Calidris ruficollis",c(144.635062, -37.988153),"#2F6C99"
144.635062,-37.988153,"Calidris ruficollis",c(144.635062, -37.988153),"#2F6C99"
144.506582,-38.04689,"Calidris ruficollis",c(144.506582, -38.04689),"#2F6C99"
144.635062,-37.988153,"Calidris ruficollis",c(144.635062, -37.988153),"#2F6C99"
144.378961,-38.303674,"Calidris ruficollis",c(144.378961, -38.303674),"#2F6C99"
144.378382,-38.302023,"Calidris ruficollis",c(144.378382, -38.302023),"#2F6C99"
144.528515,-38.040134,"Calidris ruficollis",c(144.528515, -38.040134),"#2F6C99"
144.378986,-38.301578,"Calidris ruficollis",c(144.378986, -38.301578),"#2F6C99"
144.578779,-38.017641,"Calidris ruficollis",c(144.578779, -38.017641),"#2F6C99"
144.378793,-38.301671,"Calidris ruficollis",c(144.378793, -38.301671),"#2F6C99"
144.566575,-38.024597,"Calidris ruficollis",c(144.566575, -38.024597),"#2F6C99"
117.448993,-34.918358,"Calidris ruficollis",c(117.448993, -34.918358),"#2F6C99"
144.377951,-38.302313,"Calidris ruficollis",c(144.377951, -38.302313),"#2F6C99"
150.133348,-36.070543,"Calidris ruficollis",c(150.133348, -36.070543),"#2F6C99"
150.129825,-36.069961,"Calidris ruficollis",c(150.129825, -36.069961),"#2F6C99"
144.378436,-38.302818,"Calidris ruficollis",c(144.378436, -38.302818),"#2F6C99"
152.687683,-31.879397,"Calidris ruficollis",c(152.687683, -31.879397),"#2F6C99"
144.377767,-38.302565,"Calidris ruficollis",c(144.377767, -38.302565),"#2F6C99"
144.506683,-38.047028,"Calidris ruficollis",c(144.506683, -38.047028),"#2F6C99"
144.506675,-38.046971,"Calidris ruficollis",c(144.506675, -38.046971),"#2F6C99"
152.690893,-31.877746,"Calidris ruficollis",c(152.690893, -31.877746),"#2F6C99"
150.131764,-36.070436,"Calidris ruficollis",c(150.131764, -36.070436),"#2F6C99"
145.777314,-16.918624,"Calidris ruficollis",c(145.777314, -16.918624),"#2F6C99"
144.506242,-38.047445,"Calidris ruficollis",c(144.506242, -38.047445),"#2F6C99"
138.445383,-35.269662,"Calidris ruficollis",c(138.445383, -35.269662),"#2F6C99"
144.570279,-38.019757,"Calidris ruficollis",c(144.570279, -38.019757),"#2F6C99"
144.568214,-38.021368,"Calidris ruficollis",c(144.568214, -38.021368),"#2F6C99"
138.444388,-35.270232,"Calidris ruficollis",c(138.444388, -35.270232),"#2F6C99"
144.568214,-38.021368,"Calidris ruficollis",c(144.568214, -38.021368),"#2F6C99"
138.445814,-35.269482,"Calidris ruficollis",c(138.445814, -35.269482),"#2F6C99"
144.61534,-36.896948,"Calidris ruficollis",c(144.61534, -36.896948),"#2F6C99"
142.10181,-34.203684,"Calidris ruficollis",c(142.10181, -34.203684),"#2F6C99"
144.635062,-37.988153,"Calidris ruficollis",c(144.635062, -37.988153),"#2F6C99"
150.742337,-34.859878,"Calidris ruficollis",c(150.742337, -34.859878),"#2F6C99"
144.376839,-38.30347,"Calidris ruficollis",c(144.376839, -38.30347),"#2F6C99"
150.746325,-34.853758,"Calidris ruficollis",c(150.746325, -34.853758),"#2F6C99"
150.737547,-34.856803,"Calidris ruficollis",c(150.737547, -34.856803),"#2F6C99"
152.605755,-31.951619,"Calidris ruficollis",c(152.605755, -31.951619),"#2F6C99"
144.610636,-36.89133,"Calidris ruficollis",c(144.610636, -36.89133),"#2F6C99"
150.747154,-34.861838,"Calidris ruficollis",c(150.747154, -34.861838),"#2F6C99"
144.589551,-38.004375,"Calidris ruficollis",c(144.589551, -38.004375),"#2F6C99"
138.446111,-34.649007,"Calidris ruficollis",c(138.446111, -34.649007),"#2F6C99"
138.44313,-35.27242,"Calidris ruficollis",c(138.44313, -35.27242),"#2F6C99"
144.377673,-38.302354,"Calidris ruficollis",c(144.377673, -38.302354),"#2F6C99"
144.378145,-38.30135,"Calidris ruficollis",c(144.378145, -38.30135),"#2F6C99"
138.446558,-35.334767,"Calidris ruficollis",c(138.446558, -35.334767),"#2F6C99"
144.437821,-38.085894,"Calidris ruficollis",c(144.437821, -38.085894),"#2F6C99"
145.774307,-16.915998,"Calidris ruficollis",c(145.774307, -16.915998),"#2F6C99"
144.377587,-38.302152,"Calidris ruficollis",c(144.377587, -38.302152),"#2F6C99"
145.774307,-16.915998,"Calidris ruficollis",c(145.774307, -16.915998),"#2F6C99"
138.443234,-34.647665,"Calidris ruficollis",c(138.443234, -34.647665),"#2F6C99"
145.774307,-16.915998,"Calidris ruficollis",c(145.774307, -16.915998),"#2F6C99"
119.280122,-34.251514,"Calidris ruficollis",c(119.280122, -34.251514),"#2F6C99"
138.793392,-35.517107,"Calidris ruficollis",c(138.793392, -35.517107),"#2F6C99"
153.168676,-27.40733,"Calidris ruficollis",c(153.168676, -27.40733),"#2F6C99"
144.527343,-38.04175,"Calidris ruficollis",c(144.527343, -38.04175),"#2F6C99"
152.880178,-25.605968,"Calidris ruficollis",c(152.880178, -25.605968),"#2F6C99"
144.426621,-38.283483,"Calidris ruficollis",c(144.426621, -38.283483),"#2F6C99"
139.211697,-35.328178,"Calidris ruficollis",c(139.211697, -35.328178),"#2F6C99"
139.213107,-35.327228,"Calidris ruficollis",c(139.213107, -35.327228),"#2F6C99"
137.815467,-35.798732,"Calidris ruficollis",c(137.815467, -35.798732),"#2F6C99"
139.174036,-35.330827,"Calidris ruficollis",c(139.174036, -35.330827),"#2F6C99"
139.174036,-35.330827,"Calidris ruficollis",c(139.174036, -35.330827),"#2F6C99"
139.174036,-35.330827,"Calidris ruficollis",c(139.174036, -35.330827),"#2F6C99"
139.152614,-35.331866,"Calidris ruficollis",c(139.152614, -35.331866),"#2F6C99"
139.170452,-35.330357,"Calidris ruficollis",c(139.170452, -35.330357),"#2F6C99"
139.569489,-36.031568,"Calidris ruficollis",c(139.569489, -36.031568),"#2F6C99"
144.571501,-38.019273,"Calidris ruficollis",c(144.571501, -38.019273),"#2F6C99"
144.571501,-38.019273,"Calidris ruficollis",c(144.571501, -38.019273),"#2F6C99"
144.571501,-38.019273,"Calidris ruficollis",c(144.571501, -38.019273),"#2F6C99"
144.589632,-37.989094,"Calidris ruficollis",c(144.589632, -37.989094),"#2F6C99"
144.589632,-37.989625,"Calidris ruficollis",c(144.589632, -37.989625),"#2F6C99"
144.589546,-37.988891,"Calidris ruficollis",c(144.589546, -37.988891),"#2F6C99"
144.589975,-37.989693,"Calidris ruficollis",c(144.589975, -37.989693),"#2F6C99"
144.589546,-37.989466,"Calidris ruficollis",c(144.589546, -37.989466),"#2F6C99"
144.589632,-37.98922,"Calidris ruficollis",c(144.589632, -37.98922),"#2F6C99"
144.440894,-38.085939,"Calidris ruficollis",c(144.440894, -38.085939),"#2F6C99"
144.590318,-37.989422,"Calidris ruficollis",c(144.590318, -37.989422),"#2F6C99"
144.589975,-37.989361,"Calidris ruficollis",c(144.589975, -37.989361),"#2F6C99"
144.590147,-37.989267,"Calidris ruficollis",c(144.590147, -37.989267),"#2F6C99"
144.589288,-37.989872,"Calidris ruficollis",c(144.589288, -37.989872),"#2F6C99"
144.589117,-37.989534,"Calidris ruficollis",c(144.589117, -37.989534),"#2F6C99"
144.589037,-38.005981,"Calidris ruficollis",c(144.589037, -38.005981),"#2F6C99"
144.589546,-37.990234,"Calidris ruficollis",c(144.589546, -37.990234),"#2F6C99"
144.586759,-37.998856,"Calidris ruficollis",c(144.586759, -37.998856),"#2F6C99"
144.585729,-37.999398,"Calidris ruficollis",c(144.585729, -37.999398),"#2F6C99"
144.589288,-37.989015,"Calidris ruficollis",c(144.589288, -37.989015),"#2F6C99"
144.561863,-38.008347,"Calidris ruficollis",c(144.561863, -38.008347),"#2F6C99"
144.589632,-37.989331,"Calidris ruficollis",c(144.589632, -37.989331),"#2F6C99"
144.589203,-37.989466,"Calidris ruficollis",c(144.589203, -37.989466),"#2F6C99"
153.097279,-27.340825,"Calidris ruficollis",c(153.097279, -27.340825),"#2F6C99"
144.426817,-38.283209,"Calidris ruficollis",c(144.426817, -38.283209),"#2F6C99"
144.403974,-38.29423,"Calidris ruficollis",c(144.403974, -38.29423),"#2F6C99"
150.747154,-34.861838,"Calidris ruficollis",c(150.747154, -34.861838),"#2F6C99"
150.747154,-34.861838,"Calidris ruficollis",c(150.747154, -34.861838),"#2F6C99"
150.74824,-34.856345,"Calidris ruficollis",c(150.74824, -34.856345),"#2F6C99"
144.37872,-38.301818,"Calidris ruficollis",c(144.37872, -38.301818),"#2F6C99"
144.377737,-38.302179,"Calidris ruficollis",c(144.377737, -38.302179),"#2F6C99"
144.377601,-38.302158,"Calidris ruficollis",c(144.377601, -38.302158),"#2F6C99"
139.169117,-35.328703,"Calidris ruficollis",c(139.169117, -35.328703),"#2F6C99"
135.867406,-34.74588,"Calidris ruficollis",c(135.867406, -34.74588),"#2F6C99"
144.444228,-38.079986,"Calidris ruficollis",c(144.444228, -38.079986),"#2F6C99"
144.378155,-38.30204,"Calidris ruficollis",c(144.378155, -38.30204),"#2F6C99"
143.719825,-37.430044,"Calidris ruficollis",c(143.719825, -37.430044),"#2F6C99"
144.377472,-38.303456,"Calidris ruficollis",c(144.377472, -38.303456),"#2F6C99"
144.377948,-38.303367,"Calidris ruficollis",c(144.377948, -38.303367),"#2F6C99"
144.378354,-38.302986,"Calidris ruficollis",c(144.378354, -38.302986),"#2F6C99"
144.378154,-38.303612,"Calidris ruficollis",c(144.378154, -38.303612),"#2F6C99"
139.852496,-36.81059,"Calidris ruficollis",c(139.852496, -36.81059),"#2F6C99"
119.9,-33.9,"Calidris ruficollis",c(119.9, -33.9),"#2F6C99"
115.732278,-32.787009,"Calidris ruficollis",c(115.732278, -32.787009),"#2F6C99"
144.378021,-38.303253,"Calidris ruficollis",c(144.378021, -38.303253),"#2F6C99"
144.378843,-38.301933,"Calidris ruficollis",c(144.378843, -38.301933),"#2F6C99"
144.621597,-37.992696,"Calidris ruficollis",c(144.621597, -37.992696),"#2F6C99"
144.563987,-38.026895,"Calidris ruficollis",c(144.563987, -38.026895),"#2F6C99"
144.377987,-38.303419,"Calidris ruficollis",c(144.377987, -38.303419),"#2F6C99"
138.582396,-34.827766,"Calidris ruficollis",c(138.582396, -34.827766),"#2F6C99"
150.743991,-34.859948,"Calidris ruficollis",c(150.743991, -34.859948),"#2F6C99"
150.74279,-34.860018,"Calidris ruficollis",c(150.74279, -34.860018),"#2F6C99"
150.743906,-34.860018,"Calidris ruficollis",c(150.743906, -34.860018),"#2F6C99"
150.745107,-34.858891,"Calidris ruficollis",c(150.745107, -34.858891),"#2F6C99"
150.743562,-34.860652,"Calidris ruficollis",c(150.743562, -34.860652),"#2F6C99"
151.152268,-34.051208,"Calidris ruficollis",c(151.152268, -34.051208),"#2F6C99"
144.377644,-38.303278,"Calidris ruficollis",c(144.377644, -38.303278),"#2F6C99"
150.743991,-34.859807,"Calidris ruficollis",c(150.743991, -34.859807),"#2F6C99"
151.152268,-34.051208,"Calidris ruficollis",c(151.152268, -34.051208),"#2F6C99"
144.562636,-38.027077,"Calidris ruficollis",c(144.562636, -38.027077),"#2F6C99"
144.562636,-38.027077,"Calidris ruficollis",c(144.562636, -38.027077),"#2F6C99"
144.562636,-38.027077,"Calidris ruficollis",c(144.562636, -38.027077),"#2F6C99"
144.562636,-38.027077,"Calidris ruficollis",c(144.562636, -38.027077),"#2F6C99"
144.562636,-38.027077,"Calidris ruficollis",c(144.562636, -38.027077),"#2F6C99"
144.5078836128,-38.0448723699,"Calidris ruficollis",c(144.5078836128, -38.0448723699),"#2F6C99"
144.5297072455,-38.0424786765,"Calidris ruficollis",c(144.5297072455, -38.0424786765),"#2F6C99"
118.661144865,-20.2986651089,"Calidris ruficollis",c(118.661144865, -20.2986651089),"#2F6C99"
144.3773889541,-38.3028194386,"Calidris ruficollis",c(144.3773889541, -38.3028194386),"#2F6C99"
122.262023051,-17.764514764,"Calidris ruficollis",c(122.262023051, -17.764514764),"#2F6C99"
152.69195057,-31.8734243284,"Calidris ruficollis",c(152.69195057, -31.8734243284),"#2F6C99"
144.5741694444,-37.9931694444,"Calidris ruficollis",c(144.5741694444, -37.9931694444),"#2F6C99"
144.3772983619,-38.3028302182,"Calidris ruficollis",c(144.3772983619, -38.3028302182),"#2F6C99"
144.4269635722,-38.2844218515,"Calidris ruficollis",c(144.4269635722, -38.2844218515),"#2F6C99"
144.5114209085,-38.0379424859,"Calidris ruficollis",c(144.5114209085, -38.0379424859),"#2F6C99"
142.3378593949,-38.2379108071,"Calidris ruficollis",c(142.3378593949, -38.2379108071),"#2F6C99"
142.395140648,-38.2693831478,"Calidris ruficollis",c(142.395140648, -38.2693831478),"#2F6C99"
142.282830414,-38.3665577287,"Calidris ruficollis",c(142.282830414, -38.3665577287),"#2F6C99"
142.3211151632,-38.3166002069,"Calidris ruficollis",c(142.3211151632, -38.3166002069),"#2F6C99"
142.3566333045,-38.3500423933,"Calidris ruficollis",c(142.3566333045, -38.3500423933),"#2F6C99"
142.2930114698,-38.2436175418,"Calidris ruficollis",c(142.2930114698, -38.2436175418),"#2F6C99"
144.3774458252,-38.3028552683,"Calidris ruficollis",c(144.3774458252, -38.3028552683),"#2F6C99"
142.378335502,-38.3273679581,"Calidris ruficollis",c(142.378335502, -38.3273679581),"#2F6C99"
142.3398280069,-38.2997503953,"Calidris ruficollis",c(142.3398280069, -38.2997503953),"#2F6C99"
142.2020855639,-38.2237093343,"Calidris ruficollis",c(142.2020855639, -38.2237093343),"#2F6C99"
142.2670472226,-38.277153924,"Calidris ruficollis",c(142.2670472226, -38.277153924),"#2F6C99"
144.3775628152,-38.3031606767,"Calidris ruficollis",c(144.3775628152, -38.3031606767),"#2F6C99"
144.5817413889,-38.01132,"Calidris ruficollis",c(144.5817413889, -38.01132),"#2F6C99"
144.5037004438,-38.049452835,"Calidris ruficollis",c(144.5037004438, -38.049452835),"#2F6C99"
144.3777382442,-38.3034319992,"Calidris ruficollis",c(144.3777382442, -38.3034319992),"#2F6C99"
150.5044677488,-35.2679111941,"Calidris ruficollis",c(150.5044677488, -35.2679111941),"#2F6C99"
150.7484682933,-34.8566466591,"Calidris ruficollis",c(150.7484682933, -34.8566466591),"#2F6C99"
144.3780290638,-38.3028561538,"Calidris ruficollis",c(144.3780290638, -38.3028561538),"#2F6C99"
150.1236898452,-36.1186480299,"Calidris ruficollis",c(150.1236898452, -36.1186480299),"#2F6C99"
144.5825108977,-38.0105204147,"Calidris ruficollis",c(144.5825108977, -38.0105204147),"#2F6C99"
144.5079187882,-38.0448209019,"Calidris ruficollis",c(144.5079187882, -38.0448209019),"#2F6C99"
145.765455,-16.907675,"Calidris ruficollis",c(145.765455, -16.907675),"#2F6C99"
115.7947353023,-32.2516597707,"Calidris ruficollis",c(115.7947353023, -32.2516597707),"#2F6C99"
144.3780411323,-38.3042447772,"Calidris ruficollis",c(144.3780411323, -38.3042447772),"#2F6C99"
140.8067611111,-38.0482555556,"Calidris ruficollis",c(140.8067611111, -38.0482555556),"#2F6C99"
145.776975,-16.9186888889,"Calidris ruficollis",c(145.776975, -16.9186888889),"#2F6C99"
144.3778562614,-38.3039708349,"Calidris ruficollis",c(144.3778562614, -38.3039708349),"#2F6C99"
140.9930833333,-38.0580333333,"Calidris ruficollis",c(140.9930833333, -38.0580333333),"#2F6C99"
140.9930833333,-38.0580333333,"Calidris ruficollis",c(140.9930833333, -38.0580333333),"#2F6C99"
144.5943720695,-38.0050964524,"Calidris ruficollis",c(144.5943720695, -38.0050964524),"#2F6C99"
150.7471798633,-34.8602030328,"Calidris ruficollis",c(150.7471798633, -34.8602030328),"#2F6C99"
150.7471798633,-34.8602030328,"Calidris ruficollis",c(150.7471798633, -34.8602030328),"#2F6C99"
138.1630378557,-34.2691972341,"Calidris ruficollis",c(138.1630378557, -34.2691972341),"#2F6C99"
138.1630378557,-34.2691972341,"Calidris ruficollis",c(138.1630378557, -34.2691972341),"#2F6C99"
144.8139333333,-37.87545,"Calidris ruficollis",c(144.8139333333, -37.87545),"#2F6C99"
144.8089133333,-37.8797116667,"Calidris ruficollis",c(144.8089133333, -37.8797116667),"#2F6C99"
144.810265833,-37.8802331329,"Calidris ruficollis",c(144.810265833, -37.8802331329),"#2F6C99"
144.8089133333,-37.8797133333,"Calidris ruficollis",c(144.8089133333, -37.8797133333),"#2F6C99"
139.1646535322,-35.6942776812,"Calidris ruficollis",c(139.1646535322, -35.6942776812),"#2F6C99"
150.747871,-34.861112,"Calidris ruficollis",c(150.747871, -34.861112),"#2F6C99"
144.897853185,-37.847214153,"Calidris ruficollis",c(144.897853185, -37.847214153),"#2F6C99"
150.7481950326,-34.8561817146,"Calidris ruficollis",c(150.7481950326, -34.8561817146),"#2F6C99"
150.7482399667,-34.8563448694,"Calidris ruficollis",c(150.7482399667, -34.8563448694),"#2F6C99"
138.4449062435,-35.2717289522,"Calidris ruficollis",c(138.4449062435, -35.2717289522),"#2F6C99"
144.4410700829,-38.0804920151,"Calidris ruficollis",c(144.4410700829, -38.0804920151),"#2F6C99"
144.5082484592,-38.0451169463,"Calidris ruficollis",c(144.5082484592, -38.0451169463),"#2F6C99"
138.4681023237,-35.165942773,"Calidris ruficollis",c(138.4681023237, -35.165942773),"#2F6C99"
139.6409399795,-36.132180936,"Calidris ruficollis",c(139.6409399795, -36.132180936),"#2F6C99"
145.1030401402,-37.8164184964,"Calidris ruficollis",c(145.1030401402, -37.8164184964),"#2F6C99"
145.0310433783,-37.9937629733,"Calidris ruficollis",c(145.0310433783, -37.9937629733),"#2F6C99"
145.0310343817,-37.9937236883,"Calidris ruficollis",c(145.0310343817, -37.9937236883),"#2F6C99"
145.0310303333,-37.9937060083,"Calidris ruficollis",c(145.0310303333, -37.9937060083),"#2F6C99"
145.0310266667,-37.99369,"Calidris ruficollis",c(145.0310266667, -37.99369),"#2F6C99"
144.4254281187,-38.2844680257,"Calidris ruficollis",c(144.4254281187, -38.2844680257),"#2F6C99"
144.4256067362,-38.2841994196,"Calidris ruficollis",c(144.4256067362, -38.2841994196),"#2F6C99"
144.581695,-38.0112833333,"Calidris ruficollis",c(144.581695, -38.0112833333),"#2F6C99"
137.4302154532,-35.9646587254,"Calidris ruficollis",c(137.4302154532, -35.9646587254),"#2F6C99"
137.5965340902,-35.8812364827,"Calidris ruficollis",c(137.5965340902, -35.8812364827),"#2F6C99"
137.5921388502,-35.9908923885,"Calidris ruficollis",c(137.5921388502, -35.9908923885),"#2F6C99"
150.1589826867,-31.2733361719,"Calidris ruficollis",c(150.1589826867, -31.2733361719),"#2F6C99"
139.6567083333,-35.453525,"Calidris ruficollis",c(139.6567083333, -35.453525),"#2F6C99"
144.5090106128,-38.0465221828,"Calidris ruficollis",c(144.5090106128, -38.0465221828),"#2F6C99"
144.9708305556,-37.8643444444,"Calidris ruficollis",c(144.9708305556, -37.8643444444),"#2F6C99"
143.6690366667,-38.7659216667,"Calidris ruficollis",c(143.6690366667, -38.7659216667),"#2F6C99"
144.8154616667,-37.8745783333,"Calidris ruficollis",c(144.8154616667, -37.8745783333),"#2F6C99"
144.8136684693,-37.877034063,"Calidris ruficollis",c(144.8136684693, -37.877034063),"#2F6C99"
144.8113359114,-37.8796246933,"Calidris ruficollis",c(144.8113359114, -37.8796246933),"#2F6C99"
144.5072483313,-38.0467925113,"Calidris ruficollis",c(144.5072483313, -38.0467925113),"#2F6C99"
144.5760065749,-38.004252313,"Calidris ruficollis",c(144.5760065749, -38.004252313),"#2F6C99"
138.4432954,-35.2721426,"Calidris ruficollis",c(138.4432954, -35.2721426),"#2F6C99"
119.9044350889,-33.8162051913,"Calidris ruficollis",c(119.9044350889, -33.8162051913),"#2F6C99"
144.8727520555,-37.8603255094,"Calidris ruficollis",c(144.8727520555, -37.8603255094),"#2F6C99"
139.5176057744,-35.9623420305,"Calidris ruficollis",c(139.5176057744, -35.9623420305),"#2F6C99"
139.5176074331,-35.9623919632,"Calidris ruficollis",c(139.5176074331, -35.9623919632),"#2F6C99"
150.1238346347,-36.1284775028,"Calidris ruficollis",c(150.1238346347, -36.1284775028),"#2F6C99"
145.777025,-16.9185972222,"Calidris ruficollis",c(145.777025, -16.9185972222),"#2F6C99"
144.5909222222,-38.0051194444,"Calidris ruficollis",c(144.5909222222, -38.0051194444),"#2F6C99"
145.7766218857,-16.9184840568,"Calidris ruficollis",c(145.7766218857, -16.9184840568),"#2F6C99"
146.7455192391,-19.2078618318,"Calidris ruficollis",c(146.7455192391, -19.2078618318),"#2F6C99"
144.5746216396,-37.9925723094,"Calidris ruficollis",c(144.5746216396, -37.9925723094),"#2F6C99"
144.5734949122,-37.9933217299,"Calidris ruficollis",c(144.5734949122, -37.9933217299),"#2F6C99"
146.7435285898,-19.2092121388,"Calidris ruficollis",c(146.7435285898, -19.2092121388),"#2F6C99"
153.4167443845,-27.9460304744,"Calidris ruficollis",c(153.4167443845, -27.9460304744),"#2F6C99"
145.7661563224,-16.907894924,"Calidris ruficollis",c(145.7661563224, -16.907894924),"#2F6C99"
144.4861977728,-38.288355947,"Calidris ruficollis",c(144.4861977728, -38.288355947),"#2F6C99"
144.8401227,-37.8360799,"Calidris ruficollis",c(144.8401227, -37.8360799),"#2F6C99"
145.778476516,-16.9189579464,"Calidris ruficollis",c(145.778476516, -16.9189579464),"#2F6C99"
150.1258079864,-36.1242738868,"Calidris ruficollis",c(150.1258079864, -36.1242738868),"#2F6C99"
147.4843431456,-42.9119856798,"Calidris ruficollis",c(147.4843431456, -42.9119856798),"#2F6C99"
115.1429308958,-34.3009295802,"Calidris ruficollis",c(115.1429308958, -34.3009295802),"#2F6C99"
144.3783438205,-38.3022216582,"Calidris ruficollis",c(144.3783438205, -38.3022216582),"#2F6C99"
144.614764452,-38.0011921043,"Calidris ruficollis",c(144.614764452, -38.0011921043),"#2F6C99"
144.3768994889,-38.3027545039,"Calidris ruficollis",c(144.3768994889, -38.3027545039),"#2F6C99"
142.3141714483,-38.207973367,"Calidris ruficollis",c(142.3141714483, -38.207973367),"#2F6C99"
142.2301803502,-38.3539783125,"Calidris ruficollis",c(142.2301803502, -38.3539783125),"#2F6C99"
142.210517106,-38.3429423403,"Calidris ruficollis",c(142.210517106, -38.3429423403),"#2F6C99"
142.2373327132,-38.3299792512,"Calidris ruficollis",c(142.2373327132, -38.3299792512),"#2F6C99"
138.4623107314,-35.2575571061,"Calidris ruficollis",c(138.4623107314, -35.2575571061),"#2F6C99"
144.3774717658,-38.3028884941,"Calidris ruficollis",c(144.3774717658, -38.3028884941),"#2F6C99"
145.0320785604,-37.9929859756,"Calidris ruficollis",c(145.0320785604, -37.9929859756),"#2F6C99"
144.3782484918,-38.3024278,"Calidris ruficollis",c(144.3782484918, -38.3024278),"#2F6C99"
145.7750806847,-16.9160342855,"Calidris ruficollis",c(145.7750806847, -16.9160342855),"#2F6C99"
145.7750806847,-16.9160342855,"Calidris ruficollis",c(145.7750806847, -16.9160342855),"#2F6C99"
145.7750806847,-16.9160342855,"Calidris ruficollis",c(145.7750806847, -16.9160342855),"#2F6C99"
144.4326422883,-38.0850363217,"Calidris ruficollis",c(144.4326422883, -38.0850363217),"#2F6C99"
144.3778348037,-38.3039876735,"Calidris ruficollis",c(144.3778348037, -38.3039876735),"#2F6C99"
144.3785598763,-38.3020970624,"Calidris ruficollis",c(144.3785598763, -38.3020970624),"#2F6C99"
144.591658542,-38.0045309038,"Calidris ruficollis",c(144.591658542, -38.0045309038),"#2F6C99"
144.591065,-38.00523,"Calidris ruficollis",c(144.591065, -38.00523),"#2F6C99"
144.591065,-38.0052483333,"Calidris ruficollis",c(144.591065, -38.0052483333),"#2F6C99"
144.5910638833,-38.00523055,"Calidris ruficollis",c(144.5910638833, -38.00523055),"#2F6C99"
144.5740365095,-37.9916993365,"Calidris ruficollis",c(144.5740365095, -37.9916993365),"#2F6C99"
144.3777079095,-38.3028734627,"Calidris ruficollis",c(144.3777079095, -38.3028734627),"#2F6C99"
144.8560361111,-37.8640722222,"Calidris ruficollis",c(144.8560361111, -37.8640722222),"#2F6C99"
144.8123329444,-37.8778523981,"Calidris ruficollis",c(144.8123329444, -37.8778523981),"#2F6C99"
144.3776443261,-38.3028981242,"Calidris ruficollis",c(144.3776443261, -38.3028981242),"#2F6C99"
144.3776035308,-38.3028362775,"Calidris ruficollis",c(144.3776035308, -38.3028362775),"#2F6C99"
144.4263271987,-38.2843877991,"Calidris ruficollis",c(144.4263271987, -38.2843877991),"#2F6C99"
138.4420922186,-35.2834026979,"Calidris ruficollis",c(138.4420922186, -35.2834026979),"#2F6C99"
146.6712795612,-19.1867463063,"Calidris ruficollis",c(146.6712795612, -19.1867463063),"#2F6C99"
147.1106511,-19.4019253,"Calidris ruficollis",c(147.1106511, -19.4019253),"#2F6C99"
144.5907364886,-38.0054620619,"Calidris ruficollis",c(144.5907364886, -38.0054620619),"#2F6C99"
146.6741699926,-19.1888998136,"Calidris ruficollis",c(146.6741699926, -19.1888998136),"#2F6C99"
137.9966983989,-33.0228035303,"Calidris ruficollis",c(137.9966983989, -33.0228035303),"#2F6C99"
146.6728815005,-19.1872573907,"Calidris ruficollis",c(146.6728815005, -19.1872573907),"#2F6C99"
145.7717094986,-16.9079567761,"Calidris ruficollis",c(145.7717094986, -16.9079567761),"#2F6C99"
144.5636288077,-38.027393112,"Calidris ruficollis",c(144.5636288077, -38.027393112),"#2F6C99"
144.3778884479,-38.3030110311,"Calidris ruficollis",c(144.3778884479, -38.3030110311),"#2F6C99"
144.3776416847,-38.3029099984,"Calidris ruficollis",c(144.3776416847, -38.3029099984),"#2F6C99"
144.596230421,-37.9891016683,"Calidris ruficollis",c(144.596230421, -37.9891016683),"#2F6C99"
144.4229535857,-38.1438321323,"Calidris ruficollis",c(144.4229535857, -38.1438321323),"#2F6C99"
137.8140576929,-35.7985456156,"Calidris ruficollis",c(137.8140576929, -35.7985456156),"#2F6C99"
145.7742966576,-16.9160890948,"Calidris ruficollis",c(145.7742966576, -16.9160890948),"#2F6C99"
145.7742966576,-16.9160890948,"Calidris ruficollis",c(145.7742966576, -16.9160890948),"#2F6C99"
145.7742966576,-16.9160890948,"Calidris ruficollis",c(145.7742966576, -16.9160890948),"#2F6C99"
140.8091806332,-38.0493697004,"Calidris ruficollis",c(140.8091806332, -38.0493697004),"#2F6C99"
140.8091806332,-38.0493697004,"Calidris ruficollis",c(140.8091806332, -38.0493697004),"#2F6C99"
145.775804016,-16.9177896916,"Calidris ruficollis",c(145.775804016, -16.9177896916),"#2F6C99"
145.775804016,-16.9177896916,"Calidris ruficollis",c(145.775804016, -16.9177896916),"#2F6C99"
140.8064991306,-38.0481811404,"Calidris ruficollis",c(140.8064991306, -38.0481811404),"#2F6C99"
144.3777584995,-38.3035376158,"Calidris ruficollis",c(144.3777584995, -38.3035376158),"#2F6C99"
144.4255051017,-38.284751767,"Calidris ruficollis",c(144.4255051017, -38.284751767),"#2F6C99"
145.7765101051,-16.9176890133,"Calidris ruficollis",c(145.7765101051, -16.9176890133),"#2F6C99"
144.3777443086,-38.3029646778,"Calidris ruficollis",c(144.3777443086, -38.3029646778),"#2F6C99"
145.0710931224,-38.4248595922,"Calidris ruficollis",c(145.0710931224, -38.4248595922),"#2F6C99"
150.1591006196,-35.9542674452,"Calidris ruficollis",c(150.1591006196, -35.9542674452),"#2F6C99"
115.8668618829,-31.816827881,"Calidris ruficollis",c(115.8668618829, -31.816827881),"#2F6C99"
144.4534226538,-38.2198140225,"Calidris ruficollis",c(144.4534226538, -38.2198140225),"#2F6C99"
144.5265893,-38.0230494,"Calidris ruficollis",c(144.5265893, -38.0230494),"#2F6C99"
144.3773670568,-38.3028254294,"Calidris ruficollis",c(144.3773670568, -38.3028254294),"#2F6C99"
144.377736818,-38.3027828621,"Calidris ruficollis",c(144.377736818, -38.3027828621),"#2F6C99"
150.0790223078,-36.368954477,"Calidris ruficollis",c(150.0790223078, -36.368954477),"#2F6C99"
145.77652,-16.9185116667,"Calidris ruficollis",c(145.77652, -16.9185116667),"#2F6C99"
144.1532899449,-37.1635076882,"Calidris ruficollis",c(144.1532899449, -37.1635076882),"#2F6C99"
144.3778650169,-38.3030714748,"Calidris ruficollis",c(144.3778650169, -38.3030714748),"#2F6C99"
145.8485571061,-16.9349588785,"Calidris ruficollis",c(145.8485571061, -16.9349588785),"#2F6C99"
145.8382360836,-16.9687343646,"Calidris ruficollis",c(145.8382360836, -16.9687343646),"#2F6C99"
153.1006207231,-27.3406983134,"Calidris ruficollis",c(153.1006207231, -27.3406983134),"#2F6C99"
153.1006207231,-27.3406983134,"Calidris ruficollis",c(153.1006207231, -27.3406983134),"#2F6C99"
141.8521103911,-38.2608026596,"Calidris ruficollis",c(141.8521103911, -38.2608026596),"#2F6C99"
141.8546444619,-38.2628579664,"Calidris ruficollis",c(141.8546444619, -38.2628579664),"#2F6C99"
144.51799,-38.08183,"Calidris ruficollis",c(144.51799, -38.08183),"#2F6C99"
144.51799,-38.08183,"Calidris ruficollis",c(144.51799, -38.08183),"#2F6C99"
144.51799,-38.08183,"Calidris ruficollis",c(144.51799, -38.08183),"#2F6C99"
145.774,-16.9166,"Calidris ruficollis",c(145.774, -16.9166),"#2F6C99"
144.51799,-38.08183,"Calidris ruficollis",c(144.51799, -38.08183),"#2F6C99"
150.763,-34.9535,"Calidris ruficollis",c(150.763, -34.9535),"#2F6C99"
153.194,-27.4546,"Calidris ruficollis",c(153.194, -27.4546),"#2F6C99"
145.795,-16.9193,"Calidris ruficollis",c(145.795, -16.9193),"#2F6C99"
145.53464,-38.36516,"Calidris ruficollis",c(145.53464, -38.36516),"#2F6C99"
145.53464,-38.36516,"Calidris ruficollis",c(145.53464, -38.36516),"#2F6C99"
144.51799,-38.08183,"Calidris ruficollis",c(144.51799, -38.08183),"#2F6C99"
144.51799,-38.08183,"Calidris ruficollis",c(144.51799, -38.08183),"#2F6C99"
144.51799,-38.08183,"Calidris ruficollis",c(144.51799, -38.08183),"#2F6C99"
139.401,-35.8996,"Calidris ruficollis",c(139.401, -35.8996),"#2F6C99"
137.10417,-15.95,"Calidris ruficollis",c(137.10417, -15.95),"#2F6C99"
153.604,-28.8431,"Calidris ruficollis",c(153.604, -28.8431),"#2F6C99"
153.109,-27.048,"Calidris ruficollis",c(153.109, -27.048),"#2F6C99"
133.857,-23.7356,"Calidris ruficollis",c(133.857, -23.7356),"#2F6C99"
144.51799,-38.08183,"Calidris ruficollis",c(144.51799, -38.08183),"#2F6C99"
145.53464,-38.36516,"Calidris ruficollis",c(145.53464, -38.36516),"#2F6C99"
144.51799,-38.08183,"Calidris ruficollis",c(144.51799, -38.08183),"#2F6C99"
144.51799,-38.08183,"Calidris ruficollis",c(144.51799, -38.08183),"#2F6C99"
144.426,-38.085,"Calidris ruficollis",c(144.426, -38.085),"#2F6C99"
144.572,-38.0209,"Calidris ruficollis",c(144.572, -38.0209),"#2F6C99"
144.51799,-38.08183,"Calidris ruficollis",c(144.51799, -38.08183),"#2F6C99"
144.51799,-38.08183,"Calidris ruficollis",c(144.51799, -38.08183),"#2F6C99"
144.51799,-38.08183,"Calidris ruficollis",c(144.51799, -38.08183),"#2F6C99"
145.774,-16.9166,"Calidris ruficollis",c(145.774, -16.9166),"#2F6C99"
144.51799,-38.08183,"Calidris ruficollis",c(144.51799, -38.08183),"#2F6C99"
144.51799,-38.08183,"Calidris ruficollis",c(144.51799, -38.08183),"#2F6C99"
144.51799,-38.08183,"Calidris ruficollis",c(144.51799, -38.08183),"#2F6C99"
144.51799,-38.08183,"Calidris ruficollis",c(144.51799, -38.08183),"#2F6C99"
145.774,-16.9166,"Calidris ruficollis",c(145.774, -16.9166),"#2F6C99"
138.53469,-34.74854,"Calidris ruficollis",c(138.53469, -34.74854),"#2F6C99"
144.51799,-38.08183,"Calidris ruficollis",c(144.51799, -38.08183),"#2F6C99"
145.764,-16.9058,"Calidris ruficollis",c(145.764, -16.9058),"#2F6C99"
153.134,-27.0483,"Calidris ruficollis",c(153.134, -27.0483),"#2F6C99"
145.774,-16.9166,"Calidris ruficollis",c(145.774, -16.9166),"#2F6C99"
144.51799,-38.08183,"Calidris ruficollis",c(144.51799, -38.08183),"#2F6C99"
145.774,-16.9166,"Calidris ruficollis",c(145.774, -16.9166),"#2F6C99"
151.199,-34.0411,"Calidris ruficollis",c(151.199, -34.0411),"#2F6C99"
144.523,-38.0427,"Calidris ruficollis",c(144.523, -38.0427),"#2F6C99"
144.51799,-38.08183,"Calidris ruficollis",c(144.51799, -38.08183),"#2F6C99"
120.97517,-19.62261,"Calidris ruficollis",c(120.97517, -19.62261),"#2F6C99"
145.774,-16.9166,"Calidris ruficollis",c(145.774, -16.9166),"#2F6C99"
144.592,-37.9979,"Calidris ruficollis",c(144.592, -37.9979),"#2F6C99"
141.903,-36.664,"Calidris ruficollis",c(141.903, -36.664),"#2F6C99"
144.592,-37.9979,"Calidris ruficollis",c(144.592, -37.9979),"#2F6C99"
143.803,-35.6211,"Calidris ruficollis",c(143.803, -35.6211),"#2F6C99"
144.51799,-38.08183,"Calidris ruficollis",c(144.51799, -38.08183),"#2F6C99"
144.51799,-38.08183,"Calidris ruficollis",c(144.51799, -38.08183),"#2F6C99"
144.51799,-38.08183,"Calidris ruficollis",c(144.51799, -38.08183),"#2F6C99"
144.42,-38.286,"Calidris ruficollis",c(144.42, -38.286),"#2F6C99"
144.508,-38.0449,"Calidris ruficollis",c(144.508, -38.0449),"#2F6C99"
144.51799,-38.08183,"Calidris ruficollis",c(144.51799, -38.08183),"#2F6C99"
153.188,-27.4465,"Calidris ruficollis",c(153.188, -27.4465),"#2F6C99"
144.51799,-38.08183,"Calidris ruficollis",c(144.51799, -38.08183),"#2F6C99"
144.508,-38.0449,"Calidris ruficollis",c(144.508, -38.0449),"#2F6C99"
145.172,-38.5042,"Calidris ruficollis",c(145.172, -38.5042),"#2F6C99"
144.51799,-38.08183,"Calidris ruficollis",c(144.51799, -38.08183),"#2F6C99"
144.51799,-38.08183,"Calidris ruficollis",c(144.51799, -38.08183),"#2F6C99"
144.51799,-38.08183,"Calidris ruficollis",c(144.51799, -38.08183),"#2F6C99"
144.51799,-38.08183,"Calidris ruficollis",c(144.51799, -38.08183),"#2F6C99"
144.51799,-38.08183,"Calidris ruficollis",c(144.51799, -38.08183),"#2F6C99"
144.51799,-38.08183,"Calidris ruficollis",c(144.51799, -38.08183),"#2F6C99"
144.51799,-38.08183,"Calidris ruficollis",c(144.51799, -38.08183),"#2F6C99"
141.0882,-36.09299,"Calidris ruficollis",c(141.0882, -36.09299),"#2F6C99"
152.603,-31.9547,"Calidris ruficollis",c(152.603, -31.9547),"#2F6C99"
145.774,-16.9166,"Calidris ruficollis",c(145.774, -16.9166),"#2F6C99"
144.51799,-38.08183,"Calidris ruficollis",c(144.51799, -38.08183),"#2F6C99"
153.039,-30.9156,"Calidris ruficollis",c(153.039, -30.9156),"#2F6C99"
144.51799,-38.08183,"Calidris ruficollis",c(144.51799, -38.08183),"#2F6C99"
144.51799,-38.08183,"Calidris ruficollis",c(144.51799, -38.08183),"#2F6C99"
144.51799,-38.08183,"Calidris ruficollis",c(144.51799, -38.08183),"#2F6C99"
144.51799,-38.08183,"Calidris ruficollis",c(144.51799, -38.08183),"#2F6C99"
145.774,-16.9166,"Calidris ruficollis",c(145.774, -16.9166),"#2F6C99"
145.776,-16.9183,"Calidris ruficollis",c(145.776, -16.9183),"#2F6C99"
144.547,-38.014,"Calidris ruficollis",c(144.547, -38.014),"#2F6C99"
151.78447,-32.93175,"Calidris ruficollis",c(151.78447, -32.93175),"#2F6C99"
144.51799,-38.08183,"Calidris ruficollis",c(144.51799, -38.08183),"#2F6C99"
145.53464,-38.36516,"Calidris ruficollis",c(145.53464, -38.36516),"#2F6C99"
144.51799,-38.08183,"Calidris ruficollis",c(144.51799, -38.08183),"#2F6C99"
145.774,-16.9166,"Calidris ruficollis",c(145.774, -16.9166),"#2F6C99"
144.51799,-38.08183,"Calidris ruficollis",c(144.51799, -38.08183),"#2F6C99"
128.2,-15.5,"Calidris ruficollis",c(128.2, -15.5),"#2F6C99"
144.51799,-38.08183,"Calidris ruficollis",c(144.51799, -38.08183),"#2F6C99"
144.51799,-38.08183,"Calidris ruficollis",c(144.51799, -38.08183),"#2F6C99"
153.584,-28.8463,"Calidris ruficollis",c(153.584, -28.8463),"#2F6C99"
144.51799,-38.08183,"Calidris ruficollis",c(144.51799, -38.08183),"#2F6C99"
144.51799,-38.08183,"Calidris ruficollis",c(144.51799, -38.08183),"#2F6C99"
133.857,-23.7356,"Calidris ruficollis",c(133.857, -23.7356),"#2F6C99"
144.51799,-38.08183,"Calidris ruficollis",c(144.51799, -38.08183),"#2F6C99"
144.51799,-38.08183,"Calidris ruficollis",c(144.51799, -38.08183),"#2F6C99"
144.51799,-38.08183,"Calidris ruficollis",c(144.51799, -38.08183),"#2F6C99"
144.51799,-38.08183,"Calidris ruficollis",c(144.51799, -38.08183),"#2F6C99"
144.51799,-38.08183,"Calidris ruficollis",c(144.51799, -38.08183),"#2F6C99"
144.51799,-38.08183,"Calidris ruficollis",c(144.51799, -38.08183),"#2F6C99"
144.51799,-38.08183,"Calidris ruficollis",c(144.51799, -38.08183),"#2F6C99"
138.023,-34.2244,"Calidris ruficollis",c(138.023, -34.2244),"#2F6C99"
144.789,-37.9277,"Calidris ruficollis",c(144.789, -37.9277),"#2F6C99"
144.51799,-38.08183,"Calidris ruficollis",c(144.51799, -38.08183),"#2F6C99"
144.51799,-38.08183,"Calidris ruficollis",c(144.51799, -38.08183),"#2F6C99"
145.73,-38.63,"Calidris ruficollis",c(145.73, -38.63),"#2F6C99"
144.51799,-38.08183,"Calidris ruficollis",c(144.51799, -38.08183),"#2F6C99"
144.51799,-38.08183,"Calidris ruficollis",c(144.51799, -38.08183),"#2F6C99"
144.51799,-38.08183,"Calidris ruficollis",c(144.51799, -38.08183),"#2F6C99"
144.51799,-38.08183,"Calidris ruficollis",c(144.51799, -38.08183),"#2F6C99"
140.0211,-37.44847,"Calidris ruficollis",c(140.0211, -37.44847),"#2F6C99"
144.55,-38.012,"Calidris ruficollis",c(144.55, -38.012),"#2F6C99"
144.51799,-38.08183,"Calidris ruficollis",c(144.51799, -38.08183),"#2F6C99"
144.51799,-38.08183,"Calidris ruficollis",c(144.51799, -38.08183),"#2F6C99"
144.51799,-38.08183,"Calidris ruficollis",c(144.51799, -38.08183),"#2F6C99"
144.51799,-38.08183,"Calidris ruficollis",c(144.51799, -38.08183),"#2F6C99"
144.51799,-38.08183,"Calidris ruficollis",c(144.51799, -38.08183),"#2F6C99"
153.604,-28.8431,"Calidris ruficollis",c(153.604, -28.8431),"#2F6C99"
144.51799,-38.08183,"Calidris ruficollis",c(144.51799, -38.08183),"#2F6C99"
144.51799,-38.08183,"Calidris ruficollis",c(144.51799, -38.08183),"#2F6C99"
144.51799,-38.08183,"Calidris ruficollis",c(144.51799, -38.08183),"#2F6C99"
144.51799,-38.08183,"Calidris ruficollis",c(144.51799, -38.08183),"#2F6C99"
144.51799,-38.08183,"Calidris ruficollis",c(144.51799, -38.08183),"#2F6C99"
152.355,-27.5169,"Calidris ruficollis",c(152.355, -27.5169),"#2F6C99"
130.32789,-12.89359,"Calidris ruficollis",c(130.32789, -12.89359),"#2F6C99"
144.51799,-38.08183,"Calidris ruficollis",c(144.51799, -38.08183),"#2F6C99"
144.523,-38.0427,"Calidris ruficollis",c(144.523, -38.0427),"#2F6C99"
146.38,-33.3153,"Calidris ruficollis",c(146.38, -33.3153),"#2F6C99"
144.51799,-38.08183,"Calidris ruficollis",c(144.51799, -38.08183),"#2F6C99"
153.134,-27.0483,"Calidris ruficollis",c(153.134, -27.0483),"#2F6C99"
144.51799,-38.08183,"Calidris ruficollis",c(144.51799, -38.08183),"#2F6C99"
144.51799,-38.08183,"Calidris ruficollis",c(144.51799, -38.08183),"#2F6C99"
143.905,-38.1799,"Calidris ruficollis",c(143.905, -38.1799),"#2F6C99"
144.51799,-38.08183,"Calidris ruficollis",c(144.51799, -38.08183),"#2F6C99"
144.51799,-38.08183,"Calidris ruficollis",c(144.51799, -38.08183),"#2F6C99"
144.51799,-38.08183,"Calidris ruficollis",c(144.51799, -38.08183),"#2F6C99"
144.51799,-38.08183,"Calidris ruficollis",c(144.51799, -38.08183),"#2F6C99"
144.51799,-38.08183,"Calidris ruficollis",c(144.51799, -38.08183),"#2F6C99"
153.194,-27.4546,"Calidris ruficollis",c(153.194, -27.4546),"#2F6C99"
144.51799,-38.08183,"Calidris ruficollis",c(144.51799, -38.08183),"#2F6C99"
144.51799,-38.08183,"Calidris ruficollis",c(144.51799, -38.08183),"#2F6C99"
149.702,-35.0509,"Calidris ruficollis",c(149.702, -35.0509),"#2F6C99"
145.774,-16.9166,"Calidris ruficollis",c(145.774, -16.9166),"#2F6C99"
144.51799,-38.08183,"Calidris ruficollis",c(144.51799, -38.08183),"#2F6C99"
145.53464,-38.36516,"Calidris ruficollis",c(145.53464, -38.36516),"#2F6C99"
153.154,-26.9906,"Calidris ruficollis",c(153.154, -26.9906),"#2F6C99"
153.09273,-26.99007,"Calidris ruficollis",c(153.09273, -26.99007),"#2F6C99"
151.199,-34.0411,"Calidris ruficollis",c(151.199, -34.0411),"#2F6C99"
153.109,-27.048,"Calidris ruficollis",c(153.109, -27.048),"#2F6C99"
153.593,-28.8656,"Calidris ruficollis",c(153.593, -28.8656),"#2F6C99"
143.643,-35.4549,"Calidris ruficollis",c(143.643, -35.4549),"#2F6C99"
144.51799,-38.08183,"Calidris ruficollis",c(144.51799, -38.08183),"#2F6C99"
144.51799,-38.08183,"Calidris ruficollis",c(144.51799, -38.08183),"#2F6C99"
144.51799,-38.08183,"Calidris ruficollis",c(144.51799, -38.08183),"#2F6C99"
144.51799,-38.08183,"Calidris ruficollis",c(144.51799, -38.08183),"#2F6C99"
144.51799,-38.08183,"Calidris ruficollis",c(144.51799, -38.08183),"#2F6C99"
144.51799,-38.08183,"Calidris ruficollis",c(144.51799, -38.08183),"#2F6C99"
145.53464,-38.36516,"Calidris ruficollis",c(145.53464, -38.36516),"#2F6C99"
144.51799,-38.08183,"Calidris ruficollis",c(144.51799, -38.08183),"#2F6C99"
144.51799,-38.08183,"Calidris ruficollis",c(144.51799, -38.08183),"#2F6C99"
144.51799,-38.08183,"Calidris ruficollis",c(144.51799, -38.08183),"#2F6C99"
144.51799,-38.08183,"Calidris ruficollis",c(144.51799, -38.08183),"#2F6C99"
144.51799,-38.08183,"Calidris ruficollis",c(144.51799, -38.08183),"#2F6C99"
144.51799,-38.08183,"Calidris ruficollis",c(144.51799, -38.08183),"#2F6C99"
144.51799,-38.08183,"Calidris ruficollis",c(144.51799, -38.08183),"#2F6C99"
144.51799,-38.08183,"Calidris ruficollis",c(144.51799, -38.08183),"#2F6C99"
144.51799,-38.08183,"Calidris ruficollis",c(144.51799, -38.08183),"#2F6C99"
144.51799,-38.08183,"Calidris ruficollis",c(144.51799, -38.08183),"#2F6C99"
144.51799,-38.08183,"Calidris ruficollis",c(144.51799, -38.08183),"#2F6C99"
144.51799,-38.08183,"Calidris ruficollis",c(144.51799, -38.08183),"#2F6C99"
147.537,-42.7881,"Calidris ruficollis",c(147.537, -42.7881),"#2F6C99"
144.51799,-38.08183,"Calidris ruficollis",c(144.51799, -38.08183),"#2F6C99"
144.51799,-38.08183,"Calidris ruficollis",c(144.51799, -38.08183),"#2F6C99"
147.481,-42.9162,"Calidris ruficollis",c(147.481, -42.9162),"#2F6C99"
144.51799,-38.08183,"Calidris ruficollis",c(144.51799, -38.08183),"#2F6C99"
144.523,-38.0427,"Calidris ruficollis",c(144.523, -38.0427),"#2F6C99"
145.774,-16.9166,"Calidris ruficollis",c(145.774, -16.9166),"#2F6C99"
151.78447,-32.93175,"Calidris ruficollis",c(151.78447, -32.93175),"#2F6C99"
138.445,-35.3319,"Calidris ruficollis",c(138.445, -35.3319),"#2F6C99"
144.51799,-38.08183,"Calidris ruficollis",c(144.51799, -38.08183),"#2F6C99"
144.592,-37.9979,"Calidris ruficollis",c(144.592, -37.9979),"#2F6C99"
144.51799,-38.08183,"Calidris ruficollis",c(144.51799, -38.08183),"#2F6C99"
144.73,-37.9096,"Calidris ruficollis",c(144.73, -37.9096),"#2F6C99"
144.592,-37.9979,"Calidris ruficollis",c(144.592, -37.9979),"#2F6C99"
144.51799,-38.08183,"Calidris ruficollis",c(144.51799, -38.08183),"#2F6C99"
151.20622,-33.96472,"Calidris ruficollis",c(151.20622, -33.96472),"#2F6C99"
144.592,-37.9979,"Calidris ruficollis",c(144.592, -37.9979),"#2F6C99"
144.51799,-38.08183,"Calidris ruficollis",c(144.51799, -38.08183),"#2F6C99"
139.391,-35.8608,"Calidris ruficollis",c(139.391, -35.8608),"#2F6C99"
144.51799,-38.08183,"Calidris ruficollis",c(144.51799, -38.08183),"#2F6C99"
144.51799,-38.08183,"Calidris ruficollis",c(144.51799, -38.08183),"#2F6C99"
144.592,-37.9979,"Calidris ruficollis",c(144.592, -37.9979),"#2F6C99"
144.592,-37.9979,"Calidris ruficollis",c(144.592, -37.9979),"#2F6C99"
144.51799,-38.08183,"Calidris ruficollis",c(144.51799, -38.08183),"#2F6C99"
144.51799,-38.08183,"Calidris ruficollis",c(144.51799, -38.08183),"#2F6C99"
145.763,-16.9388,"Calidris ruficollis",c(145.763, -16.9388),"#2F6C99"
144.51799,-38.08183,"Calidris ruficollis",c(144.51799, -38.08183),"#2F6C99"
144.51799,-38.08183,"Calidris ruficollis",c(144.51799, -38.08183),"#2F6C99"
144.51799,-38.08183,"Calidris ruficollis",c(144.51799, -38.08183),"#2F6C99"
144.51799,-38.08183,"Calidris ruficollis",c(144.51799, -38.08183),"#2F6C99"
118.02092,-23.00908,"Calidris ruficollis",c(118.02092, -23.00908),"#2F6C99"
144.51799,-38.08183,"Calidris ruficollis",c(144.51799, -38.08183),"#2F6C99"
144.51799,-38.08183,"Calidris ruficollis",c(144.51799, -38.08183),"#2F6C99"
145.774,-16.9166,"Calidris ruficollis",c(145.774, -16.9166),"#2F6C99"
144.51799,-38.08183,"Calidris ruficollis",c(144.51799, -38.08183),"#2F6C99"
144.51799,-38.08183,"Calidris ruficollis",c(144.51799, -38.08183),"#2F6C99"
151.78447,-32.93175,"Calidris ruficollis",c(151.78447, -32.93175),"#2F6C99"
144.51799,-38.08183,"Calidris ruficollis",c(144.51799, -38.08183),"#2F6C99"
144.51799,-38.08183,"Calidris ruficollis",c(144.51799, -38.08183),"#2F6C99"
144.51799,-38.08183,"Calidris ruficollis",c(144.51799, -38.08183),"#2F6C99"
144.51799,-38.08183,"Calidris ruficollis",c(144.51799, -38.08183),"#2F6C99"
144.56,-37.9971,"Calidris ruficollis",c(144.56, -37.9971),"#2F6C99"
153.20528,-27.48167,"Calidris ruficollis",c(153.20528, -27.48167),"#2F6C99"
144.51799,-38.08183,"Calidris ruficollis",c(144.51799, -38.08183),"#2F6C99"
144.51799,-38.08183,"Calidris ruficollis",c(144.51799, -38.08183),"#2F6C99"
153.099,-27.035,"Calidris ruficollis",c(153.099, -27.035),"#2F6C99"
144.51799,-38.08183,"Calidris ruficollis",c(144.51799, -38.08183),"#2F6C99"
142.335,-38.3552,"Calidris ruficollis",c(142.335, -38.3552),"#2F6C99"
153.184,-27.3757,"Calidris ruficollis",c(153.184, -27.3757),"#2F6C99"
138.845,-35.5353,"Calidris ruficollis",c(138.845, -35.5353),"#2F6C99"
144.51799,-38.08183,"Calidris ruficollis",c(144.51799, -38.08183),"#2F6C99"
153.085,-27.3282,"Calidris ruficollis",c(153.085, -27.3282),"#2F6C99"
144.51799,-38.08183,"Calidris ruficollis",c(144.51799, -38.08183),"#2F6C99"
144.51799,-38.08183,"Calidris ruficollis",c(144.51799, -38.08183),"#2F6C99"
144.51799,-38.08183,"Calidris ruficollis",c(144.51799, -38.08183),"#2F6C99"
144.51799,-38.08183,"Calidris ruficollis",c(144.51799, -38.08183),"#2F6C99"
144.592,-37.9979,"Calidris ruficollis",c(144.592, -37.9979),"#2F6C99"
144.51799,-38.08183,"Calidris ruficollis",c(144.51799, -38.08183),"#2F6C99"
145.774,-16.9264,"Calidris ruficollis",c(145.774, -16.9264),"#2F6C99"
144.51799,-38.08183,"Calidris ruficollis",c(144.51799, -38.08183),"#2F6C99"
139.025,-35.6004,"Calidris ruficollis",c(139.025, -35.6004),"#2F6C99"
148.548,-37.8019,"Calidris ruficollis",c(148.548, -37.8019),"#2F6C99"
144.51799,-38.08183,"Calidris ruficollis",c(144.51799, -38.08183),"#2F6C99"
145.53464,-38.36516,"Calidris ruficollis",c(145.53464, -38.36516),"#2F6C99"
145.774,-16.9166,"Calidris ruficollis",c(145.774, -16.9166),"#2F6C99"
144.51799,-38.08183,"Calidris ruficollis",c(144.51799, -38.08183),"#2F6C99"
140.838,-17.4438,"Calidris ruficollis",c(140.838, -17.4438),"#2F6C99"
138.828,-35.5283,"Calidris ruficollis",c(138.828, -35.5283),"#2F6C99"
144.51799,-38.08183,"Calidris ruficollis",c(144.51799, -38.08183),"#2F6C99"
145.764,-16.9058,"Calidris ruficollis",c(145.764, -16.9058),"#2F6C99"
144.592,-37.9979,"Calidris ruficollis",c(144.592, -37.9979),"#2F6C99"
144.51799,-38.08183,"Calidris ruficollis",c(144.51799, -38.08183),"#2F6C99"
150.763,-34.9535,"Calidris ruficollis",c(150.763, -34.9535),"#2F6C99"
153.184,-27.3757,"Calidris ruficollis",c(153.184, -27.3757),"#2F6C99"
144.433,-38.2813,"Calidris ruficollis",c(144.433, -38.2813),"#2F6C99"
144.51799,-38.08183,"Calidris ruficollis",c(144.51799, -38.08183),"#2F6C99"
152.69,-31.8731,"Calidris ruficollis",c(152.69, -31.8731),"#2F6C99"
144.51799,-38.08183,"Calidris ruficollis",c(144.51799, -38.08183),"#2F6C99"
144.106,-38.2447,"Calidris ruficollis",c(144.106, -38.2447),"#2F6C99"
144.51799,-38.08183,"Calidris ruficollis",c(144.51799, -38.08183),"#2F6C99"
144.51799,-38.08183,"Calidris ruficollis",c(144.51799, -38.08183),"#2F6C99"
144.51799,-38.08183,"Calidris ruficollis",c(144.51799, -38.08183),"#2F6C99"
144.592,-37.9979,"Calidris ruficollis",c(144.592, -37.9979),"#2F6C99"
144.51799,-38.08183,"Calidris ruficollis",c(144.51799, -38.08183),"#2F6C99"
145.53464,-38.36516,"Calidris ruficollis",c(145.53464, -38.36516),"#2F6C99"
144.51799,-38.08183,"Calidris ruficollis",c(144.51799, -38.08183),"#2F6C99"
153.038,-27.2769,"Calidris ruficollis",c(153.038, -27.2769),"#2F6C99"
144.51799,-38.08183,"Calidris ruficollis",c(144.51799, -38.08183),"#2F6C99"
144.426,-38.085,"Calidris ruficollis",c(144.426, -38.085),"#2F6C99"
144.51799,-38.08183,"Calidris ruficollis",c(144.51799, -38.08183),"#2F6C99"
144.51799,-38.08183,"Calidris ruficollis",c(144.51799, -38.08183),"#2F6C99"
144.51799,-38.08183,"Calidris ruficollis",c(144.51799, -38.08183),"#2F6C99"
153.037,-27.2991,"Calidris ruficollis",c(153.037, -27.2991),"#2F6C99"
144.582,-38.0114,"Calidris ruficollis",c(144.582, -38.0114),"#2F6C99"
153.17606,-27.4234,"Calidris ruficollis",c(153.17606, -27.4234),"#2F6C99"
144.51799,-38.08183,"Calidris ruficollis",c(144.51799, -38.08183),"#2F6C99"
144.51799,-38.08183,"Calidris ruficollis",c(144.51799, -38.08183),"#2F6C99"
144.51799,-38.08183,"Calidris ruficollis",c(144.51799, -38.08183),"#2F6C99"
144.51799,-38.08183,"Calidris ruficollis",c(144.51799, -38.08183),"#2F6C99"
144.789,-37.9277,"Calidris ruficollis",c(144.789, -37.9277),"#2F6C99"
144.51799,-38.08183,"Calidris ruficollis",c(144.51799, -38.08183),"#2F6C99"
153.037,-27.2991,"Calidris ruficollis",c(153.037, -27.2991),"#2F6C99"
144.51799,-38.08183,"Calidris ruficollis",c(144.51799, -38.08183),"#2F6C99"
152.395,-24.7711,"Calidris ruficollis",c(152.395, -24.7711),"#2F6C99"
144.51799,-38.08183,"Calidris ruficollis",c(144.51799, -38.08183),"#2F6C99"
144.51799,-38.08183,"Calidris ruficollis",c(144.51799, -38.08183),"#2F6C99"
144.51799,-38.08183,"Calidris ruficollis",c(144.51799, -38.08183),"#2F6C99"
144.51799,-38.08183,"Calidris ruficollis",c(144.51799, -38.08183),"#2F6C99"
144.51799,-38.08183,"Calidris ruficollis",c(144.51799, -38.08183),"#2F6C99"
144.51799,-38.08183,"Calidris ruficollis",c(144.51799, -38.08183),"#2F6C99"
144.592,-37.9979,"Calidris ruficollis",c(144.592, -37.9979),"#2F6C99"
144.51799,-38.08183,"Calidris ruficollis",c(144.51799, -38.08183),"#2F6C99"
143.905,-38.1799,"Calidris ruficollis",c(143.905, -38.1799),"#2F6C99"
144.51799,-38.08183,"Calidris ruficollis",c(144.51799, -38.08183),"#2F6C99"
144.51799,-38.08183,"Calidris ruficollis",c(144.51799, -38.08183),"#2F6C99"
143.905,-38.1799,"Calidris ruficollis",c(143.905, -38.1799),"#2F6C99"
144.508,-38.0449,"Calidris ruficollis",c(144.508, -38.0449),"#2F6C99"
143.905,-38.1799,"Calidris ruficollis",c(143.905, -38.1799),"#2F6C99"
128.25,-15.5833,"Calidris ruficollis",c(128.25, -15.5833),"#2F6C99"
144.51799,-38.08183,"Calidris ruficollis",c(144.51799, -38.08183),"#2F6C99"
144.592,-37.9979,"Calidris ruficollis",c(144.592, -37.9979),"#2F6C99"
144.51799,-38.08183,"Calidris ruficollis",c(144.51799, -38.08183),"#2F6C99"
144.51799,-38.08183,"Calidris ruficollis",c(144.51799, -38.08183),"#2F6C99"
144.51799,-38.08183,"Calidris ruficollis",c(144.51799, -38.08183),"#2F6C99"
144.592,-37.9979,"Calidris ruficollis",c(144.592, -37.9979),"#2F6C99"
144.508,-38.0449,"Calidris ruficollis",c(144.508, -38.0449),"#2F6C99"
144.51799,-38.08183,"Calidris ruficollis",c(144.51799, -38.08183),"#2F6C99"
144.51799,-38.08183,"Calidris ruficollis",c(144.51799, -38.08183),"#2F6C99"
145.774,-16.9166,"Calidris ruficollis",c(145.774, -16.9166),"#2F6C99"
147.876,-42.8397,"Calidris ruficollis",c(147.876, -42.8397),"#2F6C99"
144.51799,-38.08183,"Calidris ruficollis",c(144.51799, -38.08183),"#2F6C99"
144.51799,-38.08183,"Calidris ruficollis",c(144.51799, -38.08183),"#2F6C99"
144.51799,-38.08183,"Calidris ruficollis",c(144.51799, -38.08183),"#2F6C99"
144.51799,-38.08183,"Calidris ruficollis",c(144.51799, -38.08183),"#2F6C99"
144.51799,-38.08183,"Calidris ruficollis",c(144.51799, -38.08183),"#2F6C99"
144.51799,-38.08183,"Calidris ruficollis",c(144.51799, -38.08183),"#2F6C99"
144.51799,-38.08183,"Calidris ruficollis",c(144.51799, -38.08183),"#2F6C99"
144.51799,-38.08183,"Calidris ruficollis",c(144.51799, -38.08183),"#2F6C99"
145.774,-16.9166,"Calidris ruficollis",c(145.774, -16.9166),"#2F6C99"
152.395,-24.7711,"Calidris ruficollis",c(152.395, -24.7711),"#2F6C99"
144.51799,-38.08183,"Calidris ruficollis",c(144.51799, -38.08183),"#2F6C99"
144.51799,-38.08183,"Calidris ruficollis",c(144.51799, -38.08183),"#2F6C99"
150.744,-34.8476,"Calidris ruficollis",c(150.744, -34.8476),"#2F6C99"
153.181,-27.4454,"Calidris ruficollis",c(153.181, -27.4454),"#2F6C99"
144.51799,-38.08183,"Calidris ruficollis",c(144.51799, -38.08183),"#2F6C99"
144.592,-37.9979,"Calidris ruficollis",c(144.592, -37.9979),"#2F6C99"
144.592,-37.9979,"Calidris ruficollis",c(144.592, -37.9979),"#2F6C99"
144.51799,-38.08183,"Calidris ruficollis",c(144.51799, -38.08183),"#2F6C99"
153.062,-27.3159,"Calidris ruficollis",c(153.062, -27.3159),"#2F6C99"
145.774,-16.9166,"Calidris ruficollis",c(145.774, -16.9166),"#2F6C99"
144.592,-37.9979,"Calidris ruficollis",c(144.592, -37.9979),"#2F6C99"
153.604,-28.8431,"Calidris ruficollis",c(153.604, -28.8431),"#2F6C99"
144.51799,-38.08183,"Calidris ruficollis",c(144.51799, -38.08183),"#2F6C99"
152.603,-31.9547,"Calidris ruficollis",c(152.603, -31.9547),"#2F6C99"
144.592,-37.9979,"Calidris ruficollis",c(144.592, -37.9979),"#2F6C99"
144.51799,-38.08183,"Calidris ruficollis",c(144.51799, -38.08183),"#2F6C99"
144.51799,-38.08183,"Calidris ruficollis",c(144.51799, -38.08183),"#2F6C99"
144.523,-38.0427,"Calidris ruficollis",c(144.523, -38.0427),"#2F6C99"
148.548,-37.8019,"Calidris ruficollis",c(148.548, -37.8019),"#2F6C99"
147.593,-19.734,"Calidris ruficollis",c(147.593, -19.734),"#2F6C99"
144.51799,-38.08183,"Calidris ruficollis",c(144.51799, -38.08183),"#2F6C99"
144.479,-28.7751,"Calidris ruficollis",c(144.479, -28.7751),"#2F6C99"
144.51799,-38.08183,"Calidris ruficollis",c(144.51799, -38.08183),"#2F6C99"
144.51799,-38.08183,"Calidris ruficollis",c(144.51799, -38.08183),"#2F6C99"
144.51799,-38.08183,"Calidris ruficollis",c(144.51799, -38.08183),"#2F6C99"
144.51799,-38.08183,"Calidris ruficollis",c(144.51799, -38.08183),"#2F6C99"
144.51799,-38.08183,"Calidris ruficollis",c(144.51799, -38.08183),"#2F6C99"
144.51799,-38.08183,"Calidris ruficollis",c(144.51799, -38.08183),"#2F6C99"
144.51799,-38.08183,"Calidris ruficollis",c(144.51799, -38.08183),"#2F6C99"
144.51799,-38.08183,"Calidris ruficollis",c(144.51799, -38.08183),"#2F6C99"
144.51799,-38.08183,"Calidris ruficollis",c(144.51799, -38.08183),"#2F6C99"
144.592,-37.9979,"Calidris ruficollis",c(144.592, -37.9979),"#2F6C99"
147.879,-42.5542,"Calidris ruficollis",c(147.879, -42.5542),"#2F6C99"
150.77,-22.9500000147814,"Calidris ruficollis",c(150.77, -22.9500000147814),"#2F6C99"
146.755,-19.2115,"Calidris ruficollis",c(146.755, -19.2115),"#2F6C99"
144.592,-37.9979,"Calidris ruficollis",c(144.592, -37.9979),"#2F6C99"
130.909,-12.3631,"Calidris ruficollis",c(130.909, -12.3631),"#2F6C99"
144.51799,-38.08183,"Calidris ruficollis",c(144.51799, -38.08183),"#2F6C99"
144.458,-38.2354,"Calidris ruficollis",c(144.458, -38.2354),"#2F6C99"
144.51799,-38.08183,"Calidris ruficollis",c(144.51799, -38.08183),"#2F6C99"
145.774,-16.9166,"Calidris ruficollis",c(145.774, -16.9166),"#2F6C99"
144.51799,-38.08183,"Calidris ruficollis",c(144.51799, -38.08183),"#2F6C99"
145.774,-16.9166,"Calidris ruficollis",c(145.774, -16.9166),"#2F6C99"
143.007,-38.3546,"Calidris ruficollis",c(143.007, -38.3546),"#2F6C99"
144.51799,-38.08183,"Calidris ruficollis",c(144.51799, -38.08183),"#2F6C99"
144.508958,-38.046568,"Calidris ferruginea",c(144.508958, -38.046568),"#F39200"
144.529975,-38.0427,"Calidris ferruginea",c(144.529975, -38.0427),"#F39200"
144.523628,-38.043013,"Calidris ferruginea",c(144.523628, -38.043013),"#F39200"
144.507904,-38.044795,"Calidris ferruginea",c(144.507904, -38.044795),"#F39200"
153.168649,-27.407921,"Calidris ferruginea",c(153.168649, -27.407921),"#F39200"
153.099574,-27.341339,"Calidris ferruginea",c(153.099574, -27.341339),"#F39200"
139.165459,-35.694592,"Calidris ferruginea",c(139.165459, -35.694592),"#F39200"
144.569857,-37.997631,"Calidris ferruginea",c(144.569857, -37.997631),"#F39200"
144.61559,-37.997479,"Calidris ferruginea",c(144.61559, -37.997479),"#F39200"
151.790883,-32.882615,"Calidris ferruginea",c(151.790883, -32.882615),"#F39200"
144.524187,-38.042323,"Calidris ferruginea",c(144.524187, -38.042323),"#F39200"
144.581185,-38.009557,"Calidris ferruginea",c(144.581185, -38.009557),"#F39200"
144.581047,-38.009847,"Calidris ferruginea",c(144.581047, -38.009847),"#F39200"
144.511888,-38.043162,"Calidris ferruginea",c(144.511888, -38.043162),"#F39200"
144.51845,-38.045486,"Calidris ferruginea",c(144.51845, -38.045486),"#F39200"
153.181168,-27.445103,"Calidris ferruginea",c(153.181168, -27.445103),"#F39200"
153.181203,-27.44506,"Calidris ferruginea",c(153.181203, -27.44506),"#F39200"
144.628572,-37.986498,"Calidris ferruginea",c(144.628572, -37.986498),"#F39200"
153.586271,-28.876725,"Calidris ferruginea",c(153.586271, -28.876725),"#F39200"
153.584126,-28.878059,"Calidris ferruginea",c(153.584126, -28.878059),"#F39200"
153.584254,-28.877984,"Calidris ferruginea",c(153.584254, -28.877984),"#F39200"
153.584984,-28.877458,"Calidris ferruginea",c(153.584984, -28.877458),"#F39200"
153.584254,-28.877946,"Calidris ferruginea",c(153.584254, -28.877946),"#F39200"
153.181203,-27.44506,"Calidris ferruginea",c(153.181203, -27.44506),"#F39200"
144.56845,-38.021232,"Calidris ferruginea",c(144.56845, -38.021232),"#F39200"
153.099063,-27.343159,"Calidris ferruginea",c(153.099063, -27.343159),"#F39200"
144.567165,-38.023191,"Calidris ferruginea",c(144.567165, -38.023191),"#F39200"
144.567234,-38.023022,"Calidris ferruginea",c(144.567234, -38.023022),"#F39200"
144.50654,-38.047036,"Calidris ferruginea",c(144.50654, -38.047036),"#F39200"
144.523655,-38.042418,"Calidris ferruginea",c(144.523655, -38.042418),"#F39200"
144.5065,-38.04734,"Calidris ferruginea",c(144.5065, -38.04734),"#F39200"
144.811768,-37.876755,"Calidris ferruginea",c(144.811768, -37.876755),"#F39200"
144.512238,-38.042583,"Calidris ferruginea",c(144.512238, -38.042583),"#F39200"
138.163038,-34.269197,"Calidris ferruginea",c(138.163038, -34.269197),"#F39200"
147.378487,-42.307409,"Calidris ferruginea",c(147.378487, -42.307409),"#F39200"
147.375948,-42.31113,"Calidris ferruginea",c(147.375948, -42.31113),"#F39200"
144.565238,-38.025884,"Calidris ferruginea",c(144.565238, -38.025884),"#F39200"
144.57937,-38.008098,"Calidris ferruginea",c(144.57937, -38.008098),"#F39200"
117.522293,-34.919846,"Calidris ferruginea",c(117.522293, -34.919846),"#F39200"
144.565029,-38.026038,"Calidris ferruginea",c(144.565029, -38.026038),"#F39200"
144.58087,-37.99869,"Calidris ferruginea",c(144.58087, -37.99869),"#F39200"
144.566531,-38.024614,"Calidris ferruginea",c(144.566531, -38.024614),"#F39200"
144.506705,-38.045709,"Calidris ferruginea",c(144.506705, -38.045709),"#F39200"
153.180102,-27.444615,"Calidris ferruginea",c(153.180102, -27.444615),"#F39200"
144.57937,-38.008098,"Calidris ferruginea",c(144.57937, -38.008098),"#F39200"
144.570335,-38.019844,"Calidris ferruginea",c(144.570335, -38.019844),"#F39200"
144.514258,-38.0391,"Calidris ferruginea",c(144.514258, -38.0391),"#F39200"
144.568214,-38.021368,"Calidris ferruginea",c(144.568214, -38.021368),"#F39200"
144.568214,-38.021368,"Calidris ferruginea",c(144.568214, -38.021368),"#F39200"
142.100508,-34.1989,"Calidris ferruginea",c(142.100508, -34.1989),"#F39200"
153.180847,-27.445072,"Calidris ferruginea",c(153.180847, -27.445072),"#F39200"
144.57937,-38.008098,"Calidris ferruginea",c(144.57937, -38.008098),"#F39200"
144.940412,-37.782843,"Calidris ferruginea",c(144.940412, -37.782843),"#F39200"
144.576124,-38.015473,"Calidris ferruginea",c(144.576124, -38.015473),"#F39200"
153.168452,-27.407297,"Calidris ferruginea",c(153.168452, -27.407297),"#F39200"
153.099905,-27.339496,"Calidris ferruginea",c(153.099905, -27.339496),"#F39200"
153.099905,-27.339496,"Calidris ferruginea",c(153.099905, -27.339496),"#F39200"
153.099905,-27.339496,"Calidris ferruginea",c(153.099905, -27.339496),"#F39200"
153.064823,-27.292375,"Calidris ferruginea",c(153.064823, -27.292375),"#F39200"
152.880178,-25.605968,"Calidris ferruginea",c(152.880178, -25.605968),"#F39200"
152.880178,-25.605968,"Calidris ferruginea",c(152.880178, -25.605968),"#F39200"
117.414594,-34.895996,"Calidris ferruginea",c(117.414594, -34.895996),"#F39200"
115.391882,-31.156929,"Calidris ferruginea",c(115.391882, -31.156929),"#F39200"
139.160167,-35.332828,"Calidris ferruginea",c(139.160167, -35.332828),"#F39200"
153.181548,-27.44535,"Calidris ferruginea",c(153.181548, -27.44535),"#F39200"
122.3075589288,-17.9154066455,"Calidris ferruginea",c(122.3075589288, -17.9154066455),"#F39200"
144.8096257565,-37.8804454348,"Calidris ferruginea",c(144.8096257565, -37.8804454348),"#F39200"
144.809517273,-37.8805051957,"Calidris ferruginea",c(144.809517273, -37.8805051957),"#F39200"
144.807555,-37.881255,"Calidris ferruginea",c(144.807555, -37.881255),"#F39200"
144.8086218489,-37.8806561691,"Calidris ferruginea",c(144.8086218489, -37.8806561691),"#F39200"
144.5743,-37.9931833333,"Calidris ferruginea",c(144.5743, -37.9931833333),"#F39200"
144.5743,-37.9931833333,"Calidris ferruginea",c(144.5743, -37.9931833333),"#F39200"
142.3201432227,-38.2871065015,"Calidris ferruginea",c(142.3201432227, -38.2871065015),"#F39200"
144.5067050357,-38.0457094415,"Calidris ferruginea",c(144.5067050357, -38.0457094415),"#F39200"
144.5816863889,-38.011305,"Calidris ferruginea",c(144.5816863889, -38.011305),"#F39200"
145.7713367121,-16.9117962077,"Calidris ferruginea",c(145.7713367121, -16.9117962077),"#F39200"
145.7715593084,-16.9107167706,"Calidris ferruginea",c(145.7715593084, -16.9107167706),"#F39200"
151.6882253235,-32.9696568942,"Calidris ferruginea",c(151.6882253235, -32.9696568942),"#F39200"
144.5386679527,-38.0332254691,"Calidris ferruginea",c(144.5386679527, -38.0332254691),"#F39200"
145.7729333333,-16.9147383333,"Calidris ferruginea",c(145.7729333333, -16.9147383333),"#F39200"
138.1630378557,-34.2691972341,"Calidris ferruginea",c(138.1630378557, -34.2691972341),"#F39200"
146.7468875033,-19.2170272133,"Calidris ferruginea",c(146.7468875033, -19.2170272133),"#F39200"
144.8089,-37.8797116667,"Calidris ferruginea",c(144.8089, -37.8797116667),"#F39200"
144.8089133333,-37.8797283333,"Calidris ferruginea",c(144.8089133333, -37.8797283333),"#F39200"
144.563845,-38.0268861667,"Calidris ferruginea",c(144.563845, -38.0268861667),"#F39200"
151.7920233333,-32.8823416667,"Calidris ferruginea",c(151.7920233333, -32.8823416667),"#F39200"
153.0673361667,-27.308175,"Calidris ferruginea",c(153.0673361667, -27.308175),"#F39200"
144.8096616667,-37.8789416667,"Calidris ferruginea",c(144.8096616667, -37.8789416667),"#F39200"
153.1918693849,-27.4509360276,"Calidris ferruginea",c(153.1918693849, -27.4509360276),"#F39200"
140.8328333146,-17.44728593,"Calidris ferruginea",c(140.8328333146, -17.44728593),"#F39200"
144.5738216667,-37.99403,"Calidris ferruginea",c(144.5738216667, -37.99403),"#F39200"
144.585647003,-38.0068202953,"Calidris ferruginea",c(144.585647003, -38.0068202953),"#F39200"
144.5723231824,-37.9981184692,"Calidris ferruginea",c(144.5723231824, -37.9981184692),"#F39200"
139.1370434354,-35.3694061358,"Calidris ferruginea",c(139.1370434354, -35.3694061358),"#F39200"
144.5735530352,-37.9932987359,"Calidris ferruginea",c(144.5735530352, -37.9932987359),"#F39200"
144.5735527552,-37.9933149687,"Calidris ferruginea",c(144.5735527552, -37.9933149687),"#F39200"
153.4167323146,-27.9460341484,"Calidris ferruginea",c(153.4167323146, -27.9460341484),"#F39200"
145.7661563224,-16.907894924,"Calidris ferruginea",c(145.7661563224, -16.907894924),"#F39200"
153.0868221667,-27.3293333333,"Calidris ferruginea",c(153.0868221667, -27.3293333333),"#F39200"
144.6206022799,-37.9933939183,"Calidris ferruginea",c(144.6206022799, -37.9933939183),"#F39200"
144.5738216667,-37.9942544717,"Calidris ferruginea",c(144.5738216667, -37.9942544717),"#F39200"
153.1873983333,-27.4514433333,"Calidris ferruginea",c(153.1873983333, -27.4514433333),"#F39200"
153.1873733333,-27.45142,"Calidris ferruginea",c(153.1873733333, -27.45142),"#F39200"
153.1815933333,-27.4452366667,"Calidris ferruginea",c(153.1815933333, -27.4452366667),"#F39200"
153.18145,-27.4453533333,"Calidris ferruginea",c(153.18145, -27.4453533333),"#F39200"
144.5111319176,-38.0361074935,"Calidris ferruginea",c(144.5111319176, -38.0361074935),"#F39200"
144.5919640289,-38.0042648474,"Calidris ferruginea",c(144.5919640289, -38.0042648474),"#F39200"
144.5789010766,-37.9914273269,"Calidris ferruginea",c(144.5789010766, -37.9914273269),"#F39200"
144.5751436157,-37.9921839936,"Calidris ferruginea",c(144.5751436157, -37.9921839936),"#F39200"
153.1844282405,-27.4449108487,"Calidris ferruginea",c(153.1844282405, -27.4449108487),"#F39200"
153.0991221667,-27.3411916667,"Calidris ferruginea",c(153.0991221667, -27.3411916667),"#F39200"
144.5723099001,-37.9848864383,"Calidris ferruginea",c(144.5723099001, -37.9848864383),"#F39200"
144.5722669848,-37.9851062987,"Calidris ferruginea",c(144.5722669848, -37.9851062987),"#F39200"
144.5724601038,-37.9851908602,"Calidris ferruginea",c(144.5724601038, -37.9851908602),"#F39200"
144.5716793876,-37.9853763728,"Calidris ferruginea",c(144.5716793876, -37.9853763728),"#F39200"
144.596230421,-37.9891016683,"Calidris ferruginea",c(144.596230421, -37.9891016683),"#F39200"
144.5739942136,-38.0008936578,"Calidris ferruginea",c(144.5739942136, -38.0008936578),"#F39200"
140.8091806332,-38.0493697004,"Calidris ferruginea",c(140.8091806332, -38.0493697004),"#F39200"
140.8091806332,-38.0493697004,"Calidris ferruginea",c(140.8091806332, -38.0493697004),"#F39200"
153.1838750842,-27.4462104023,"Calidris ferruginea",c(153.1838750842, -27.4462104023),"#F39200"
153.1072533333,-27.3462183333,"Calidris ferruginea",c(153.1072533333, -27.3462183333),"#F39200"
144.8115383333,-37.8774083333,"Calidris ferruginea",c(144.8115383333, -37.8774083333),"#F39200"
144.5265893,-38.0230494,"Calidris ferruginea",c(144.5265893, -38.0230494),"#F39200"
145.7639051526,-16.9053791593,"Calidris ferruginea",c(145.7639051526, -16.9053791593),"#F39200"
145.7653707143,-16.9915217918,"Calidris ferruginea",c(145.7653707143, -16.9915217918),"#F39200"
145.6201515181,-16.8148285063,"Calidris ferruginea",c(145.6201515181, -16.8148285063),"#F39200"
151.7914059798,-32.8826385361,"Calidris ferruginea",c(151.7914059798, -32.8826385361),"#F39200"
153.1682194871,-27.4068113611,"Calidris ferruginea",c(153.1682194871, -27.4068113611),"#F39200"
138.3282256428,-34.4196144123,"Calidris ferruginea",c(138.3282256428, -34.4196144123),"#F39200"
140.0275349823,-37.4038228631,"Calidris ferruginea",c(140.0275349823, -37.4038228631),"#F39200"
153.1780977539,-27.4427370044,"Calidris ferruginea",c(153.1780977539, -27.4427370044),"#F39200"
153.181975,-27.4454466667,"Calidris ferruginea",c(153.181975, -27.4454466667),"#F39200"
153.1820183333,-27.445465,"Calidris ferruginea",c(153.1820183333, -27.445465),"#F39200"
153.099121961,-27.3399352473,"Calidris ferruginea",c(153.099121961, -27.3399352473),"#F39200"
144.51799,-38.08183,"Calidris ferruginea",c(144.51799, -38.08183),"#F39200"
144.51799,-38.08183,"Calidris ferruginea",c(144.51799, -38.08183),"#F39200"
144.523,-38.0427,"Calidris ferruginea",c(144.523, -38.0427),"#F39200"
144.51799,-38.08183,"Calidris ferruginea",c(144.51799, -38.08183),"#F39200"
144.51799,-38.08183,"Calidris ferruginea",c(144.51799, -38.08183),"#F39200"
144.51799,-38.08183,"Calidris ferruginea",c(144.51799, -38.08183),"#F39200"
144.592,-37.9979,"Calidris ferruginea",c(144.592, -37.9979),"#F39200"
151.78447,-32.93175,"Calidris ferruginea",c(151.78447, -32.93175),"#F39200"
152.395,-24.7711,"Calidris ferruginea",c(152.395, -24.7711),"#F39200"
153.604,-28.8431,"Calidris ferruginea",c(153.604, -28.8431),"#F39200"
144.51799,-38.08183,"Calidris ferruginea",c(144.51799, -38.08183),"#F39200"
144.51799,-38.08183,"Calidris ferruginea",c(144.51799, -38.08183),"#F39200"
113.7,-24.9,"Calidris ferruginea",c(113.7, -24.9),"#F39200"
144.508,-38.0449,"Calidris ferruginea",c(144.508, -38.0449),"#F39200"
144.51799,-38.08183,"Calidris ferruginea",c(144.51799, -38.08183),"#F39200"
145.774,-16.9166,"Calidris ferruginea",c(145.774, -16.9166),"#F39200"
151.78447,-32.93175,"Calidris ferruginea",c(151.78447, -32.93175),"#F39200"
144.592,-37.9979,"Calidris ferruginea",c(144.592, -37.9979),"#F39200"
144.51799,-38.08183,"Calidris ferruginea",c(144.51799, -38.08183),"#F39200"
151.678,-32.8536,"Calidris ferruginea",c(151.678, -32.8536),"#F39200"
143.905,-38.1799,"Calidris ferruginea",c(143.905, -38.1799),"#F39200"
139.482,-26.3045,"Calidris ferruginea",c(139.482, -26.3045),"#F39200"
151.18449,-33.94842,"Calidris ferruginea",c(151.18449, -33.94842),"#F39200"
144.51799,-38.08183,"Calidris ferruginea",c(144.51799, -38.08183),"#F39200"
153.12606,-26.80674,"Calidris ferruginea",c(153.12606, -26.80674),"#F39200"
144.51799,-38.08183,"Calidris ferruginea",c(144.51799, -38.08183),"#F39200"
153.184,-27.3757,"Calidris ferruginea",c(153.184, -27.3757),"#F39200"
145.53464,-38.36516,"Calidris ferruginea",c(145.53464, -38.36516),"#F39200"
144.6679,-37.9985,"Calidris ferruginea",c(144.6679, -37.9985),"#F39200"
144.51799,-38.08183,"Calidris ferruginea",c(144.51799, -38.08183),"#F39200"
144.508,-38.0449,"Calidris ferruginea",c(144.508, -38.0449),"#F39200"
144.578,-38.0063,"Calidris ferruginea",c(144.578, -38.0063),"#F39200"
152.395,-24.7711,"Calidris ferruginea",c(152.395, -24.7711),"#F39200"
145.53464,-38.36516,"Calidris ferruginea",c(145.53464, -38.36516),"#F39200"
145.774,-16.9166,"Calidris ferruginea",c(145.774, -16.9166),"#F39200"
144.51799,-38.08183,"Calidris ferruginea",c(144.51799, -38.08183),"#F39200"
145.53464,-38.36516,"Calidris ferruginea",c(145.53464, -38.36516),"#F39200"
145.53464,-38.36516,"Calidris ferruginea",c(145.53464, -38.36516),"#F39200"
144.51799,-38.08183,"Calidris ferruginea",c(144.51799, -38.08183),"#F39200"
146.38,-33.3153,"Calidris ferruginea",c(146.38, -33.3153),"#F39200"
144.592,-37.9979,"Calidris ferruginea",c(144.592, -37.9979),"#F39200"
144.508,-38.0449,"Calidris ferruginea",c(144.508, -38.0449),"#F39200"
144.51799,-38.08183,"Calidris ferruginea",c(144.51799, -38.08183),"#F39200"
143.753,-35.5163,"Calidris ferruginea",c(143.753, -35.5163),"#F39200"
144.639,-37.9969,"Calidris ferruginea",c(144.639, -37.9969),"#F39200"
144.51799,-38.08183,"Calidris ferruginea",c(144.51799, -38.08183),"#F39200"
153.578,-28.8818,"Calidris ferruginea",c(153.578, -28.8818),"#F39200"
150.763,-34.9535,"Calidris ferruginea",c(150.763, -34.9535),"#F39200"
145.774,-16.9166,"Calidris ferruginea",c(145.774, -16.9166),"#F39200"
145.776,-16.9183,"Calidris ferruginea",c(145.776, -16.9183),"#F39200"
151.79,-32.8834,"Calidris ferruginea",c(151.79, -32.8834),"#F39200"
144.51799,-38.08183,"Calidris ferruginea",c(144.51799, -38.08183),"#F39200"
151.78447,-32.93175,"Calidris ferruginea",c(151.78447, -32.93175),"#F39200"
144.51799,-38.08183,"Calidris ferruginea",c(144.51799, -38.08183),"#F39200"
153.057,-27.2762,"Calidris ferruginea",c(153.057, -27.2762),"#F39200"
145.53464,-38.36516,"Calidris ferruginea",c(145.53464, -38.36516),"#F39200"
144.51799,-38.08183,"Calidris ferruginea",c(144.51799, -38.08183),"#F39200"
153.194,-27.4546,"Calidris ferruginea",c(153.194, -27.4546),"#F39200"
144.51799,-38.08183,"Calidris ferruginea",c(144.51799, -38.08183),"#F39200"
144.592,-37.9979,"Calidris ferruginea",c(144.592, -37.9979),"#F39200"
153.109,-27.048,"Calidris ferruginea",c(153.109, -27.048),"#F39200"
144.51799,-38.08183,"Calidris ferruginea",c(144.51799, -38.08183),"#F39200"
144.569,-38.0164,"Calidris ferruginea",c(144.569, -38.0164),"#F39200"
145.53464,-38.36516,"Calidris ferruginea",c(145.53464, -38.36516),"#F39200"
144.51799,-38.08183,"Calidris ferruginea",c(144.51799, -38.08183),"#F39200"
144.51799,-38.08183,"Calidris ferruginea",c(144.51799, -38.08183),"#F39200"
151.78447,-32.93175,"Calidris ferruginea",c(151.78447, -32.93175),"#F39200"
145.53464,-38.36516,"Calidris ferruginea",c(145.53464, -38.36516),"#F39200"
144.51799,-38.08183,"Calidris ferruginea",c(144.51799, -38.08183),"#F39200"
144.592,-37.9979,"Calidris ferruginea",c(144.592, -37.9979),"#F39200"
144.565,-38.0264,"Calidris ferruginea",c(144.565, -38.0264),"#F39200"
153.604,-28.8431,"Calidris ferruginea",c(153.604, -28.8431),"#F39200"
144.51799,-38.08183,"Calidris ferruginea",c(144.51799, -38.08183),"#F39200"
144.51799,-38.08183,"Calidris ferruginea",c(144.51799, -38.08183),"#F39200"
151.18449,-33.94842,"Calidris ferruginea",c(151.18449, -33.94842),"#F39200"
133.857,-23.7356,"Calidris ferruginea",c(133.857, -23.7356),"#F39200"
153.17606,-27.35674,"Calidris ferruginea",c(153.17606, -27.35674),"#F39200"
144.592,-37.9979,"Calidris ferruginea",c(144.592, -37.9979),"#F39200"
151.78447,-32.93175,"Calidris ferruginea",c(151.78447, -32.93175),"#F39200"
144.51799,-38.08183,"Calidris ferruginea",c(144.51799, -38.08183),"#F39200"
153.107,-27.0448,"Calidris ferruginea",c(153.107, -27.0448),"#F39200"
144.592,-37.9979,"Calidris ferruginea",c(144.592, -37.9979),"#F39200"
144.51799,-38.08183,"Calidris ferruginea",c(144.51799, -38.08183),"#F39200"
151.79,-32.8834,"Calidris ferruginea",c(151.79, -32.8834),"#F39200"
145.53464,-38.36516,"Calidris ferruginea",c(145.53464, -38.36516),"#F39200"
145.774,-16.9166,"Calidris ferruginea",c(145.774, -16.9166),"#F39200"
140.87305,-38.05013,"Calidris ferruginea",c(140.87305, -38.05013),"#F39200"
151.18449,-33.94842,"Calidris ferruginea",c(151.18449, -33.94842),"#F39200"
145.53464,-38.36516,"Calidris ferruginea",c(145.53464, -38.36516),"#F39200"
145.776,-16.9183,"Calidris ferruginea",c(145.776, -16.9183),"#F39200"
144.592,-37.9979,"Calidris ferruginea",c(144.592, -37.9979),"#F39200"
153.036,-27.1956,"Calidris ferruginea",c(153.036, -27.1956),"#F39200"
143.753,-35.5163,"Calidris ferruginea",c(143.753, -35.5163),"#F39200"
144.51799,-38.08183,"Calidris ferruginea",c(144.51799, -38.08183),"#F39200"
145.4513,-38.2318,"Calidris ferruginea",c(145.4513, -38.2318),"#F39200"
144.51799,-38.08183,"Calidris ferruginea",c(144.51799, -38.08183),"#F39200"
139.73389,-17.56028,"Calidris ferruginea",c(139.73389, -17.56028),"#F39200"
144.51799,-38.08183,"Calidris ferruginea",c(144.51799, -38.08183),"#F39200"
153.109,-27.0473,"Calidris ferruginea",c(153.109, -27.0473),"#F39200"
138.583,-34.8261,"Calidris ferruginea",c(138.583, -34.8261),"#F39200"
144.51799,-38.08183,"Calidris ferruginea",c(144.51799, -38.08183),"#F39200"
144.523,-38.0427,"Calidris ferruginea",c(144.523, -38.0427),"#F39200"
145.53464,-38.36516,"Calidris ferruginea",c(145.53464, -38.36516),"#F39200"
145.774,-16.9166,"Calidris ferruginea",c(145.774, -16.9166),"#F39200"
151.78447,-32.93175,"Calidris ferruginea",c(151.78447, -32.93175),"#F39200"
143.358,-37.5331,"Calidris ferruginea",c(143.358, -37.5331),"#F39200"
144.592,-37.9979,"Calidris ferruginea",c(144.592, -37.9979),"#F39200"
144.592,-37.9979,"Calidris ferruginea",c(144.592, -37.9979),"#F39200"
152.395,-24.7711,"Calidris ferruginea",c(152.395, -24.7711),"#F39200"
144.592,-37.9979,"Calidris ferruginea",c(144.592, -37.9979),"#F39200"
148.06483,-19.92968,"Calidris ferruginea",c(148.06483, -19.92968),"#F39200"
144.592,-37.9979,"Calidris ferruginea",c(144.592, -37.9979),"#F39200"
144.51799,-38.08183,"Calidris ferruginea",c(144.51799, -38.08183),"#F39200"
151.18449,-33.94842,"Calidris ferruginea",c(151.18449, -33.94842),"#F39200"
144.592,-37.9979,"Calidris ferruginea",c(144.592, -37.9979),"#F39200"
145.53464,-38.36516,"Calidris ferruginea",c(145.53464, -38.36516),"#F39200"
152.395,-24.7711,"Calidris ferruginea",c(152.395, -24.7711),"#F39200"
144.592,-37.9979,"Calidris ferruginea",c(144.592, -37.9979),"#F39200"
144.592,-37.9979,"Calidris ferruginea",c(144.592, -37.9979),"#F39200"
143.65,-38.22,"Calidris ferruginea",c(143.65, -38.22),"#F39200"
153.13077,-26.03702,"Calidris ferruginea",c(153.13077, -26.03702),"#F39200"
144.51799,-38.08183,"Calidris ferruginea",c(144.51799, -38.08183),"#F39200"
145.774,-16.9166,"Calidris ferruginea",c(145.774, -16.9166),"#F39200"
145.45,-38.21,"Calidris ferruginea",c(145.45, -38.21),"#F39200"
145.774,-16.9166,"Calidris ferruginea",c(145.774, -16.9166),"#F39200"
144.51799,-38.08183,"Calidris ferruginea",c(144.51799, -38.08183),"#F39200"
144.51799,-38.08183,"Calidris ferruginea",c(144.51799, -38.08183),"#F39200"
144.592,-37.9979,"Calidris ferruginea",c(144.592, -37.9979),"#F39200"
153.563,-28.8825,"Calidris ferruginea",c(153.563, -28.8825),"#F39200"
144.51799,-38.08183,"Calidris ferruginea",c(144.51799, -38.08183),"#F39200"
145.53464,-38.36516,"Calidris ferruginea",c(145.53464, -38.36516),"#F39200"
144.51799,-38.08183,"Calidris ferruginea",c(144.51799, -38.08183),"#F39200"
151.78447,-32.93175,"Calidris ferruginea",c(151.78447, -32.93175),"#F39200"
144.393,-38.155,"Calidris ferruginea",c(144.393, -38.155),"#F39200"
153.109,-27.048,"Calidris ferruginea",c(153.109, -27.048),"#F39200"
145.53464,-38.36516,"Calidris ferruginea",c(145.53464, -38.36516),"#F39200"
144.51799,-38.08183,"Calidris ferruginea",c(144.51799, -38.08183),"#F39200"
145.53464,-38.36516,"Calidris ferruginea",c(145.53464, -38.36516),"#F39200"
144.51799,-38.08183,"Calidris ferruginea",c(144.51799, -38.08183),"#F39200"
145.53464,-38.36516,"Calidris ferruginea",c(145.53464, -38.36516),"#F39200"
145.8089,-38.6568,"Calidris ferruginea",c(145.8089, -38.6568),"#F39200"
145.4513,-38.2318,"Calidris ferruginea",c(145.4513, -38.2318),"#F39200"
145.53464,-38.36516,"Calidris ferruginea",c(145.53464, -38.36516),"#F39200"
153.09,-27.3348,"Calidris ferruginea",c(153.09, -27.3348),"#F39200"
144.51799,-38.08183,"Calidris ferruginea",c(144.51799, -38.08183),"#F39200"
144.51799,-38.08183,"Calidris ferruginea",c(144.51799, -38.08183),"#F39200"
144.51799,-38.08183,"Calidris ferruginea",c(144.51799, -38.08183),"#F39200"
150.763,-34.9535,"Calidris ferruginea",c(150.763, -34.9535),"#F39200"
143.753,-35.5163,"Calidris ferruginea",c(143.753, -35.5163),"#F39200"
151.78447,-32.93175,"Calidris ferruginea",c(151.78447, -32.93175),"#F39200"
144.51799,-38.08183,"Calidris ferruginea",c(144.51799, -38.08183),"#F39200"
150.763,-34.9535,"Calidris ferruginea",c(150.763, -34.9535),"#F39200"
144.51799,-38.08183,"Calidris ferruginea",c(144.51799, -38.08183),"#F39200"
149.184,-21.1795,"Calidris ferruginea",c(149.184, -21.1795),"#F39200"
144.51799,-38.08183,"Calidris ferruginea",c(144.51799, -38.08183),"#F39200"
145.774,-16.9166,"Calidris ferruginea",c(145.774, -16.9166),"#F39200"
145.53464,-38.36516,"Calidris ferruginea",c(145.53464, -38.36516),"#F39200"
144.51799,-38.08183,"Calidris ferruginea",c(144.51799, -38.08183),"#F39200"
153.14,-27.4474,"Calidris ferruginea",c(153.14, -27.4474),"#F39200"
138.5333,-34.7167,"Calidris ferruginea",c(138.5333, -34.7167),"#F39200"
153.113,-27.0861,"Calidris ferruginea",c(153.113, -27.0861),"#F39200"
144.51799,-38.08183,"Calidris ferruginea",c(144.51799, -38.08183),"#F39200"
151.78447,-32.93175,"Calidris ferruginea",c(151.78447, -32.93175),"#F39200"
144.51799,-38.08183,"Calidris ferruginea",c(144.51799, -38.08183),"#F39200"
153.062,-27.3159,"Calidris ferruginea",c(153.062, -27.3159),"#F39200"
139.138,-35.3706,"Calidris ferruginea",c(139.138, -35.3706),"#F39200"
144.51799,-38.08183,"Calidris ferruginea",c(144.51799, -38.08183),"#F39200"
153.183,-27.445,"Calidris ferruginea",c(153.183, -27.445),"#F39200"
153.175,-27.3788,"Calidris ferruginea",c(153.175, -27.3788),"#F39200"
153.109,-27.048,"Calidris ferruginea",c(153.109, -27.048),"#F39200"
144.51799,-38.08183,"Calidris ferruginea",c(144.51799, -38.08183),"#F39200"
153.194,-27.4546,"Calidris ferruginea",c(153.194, -27.4546),"#F39200"
144.445,-38.0889,"Calidris ferruginea",c(144.445, -38.0889),"#F39200"
144.592,-37.9979,"Calidris ferruginea",c(144.592, -37.9979),"#F39200"
144.51799,-38.08183,"Calidris ferruginea",c(144.51799, -38.08183),"#F39200"
145.774,-16.9166,"Calidris ferruginea",c(145.774, -16.9166),"#F39200"
151.78447,-32.93175,"Calidris ferruginea",c(151.78447, -32.93175),"#F39200"
153.17606,-27.4234,"Calidris ferruginea",c(153.17606, -27.4234),"#F39200"
151.78447,-32.93175,"Calidris ferruginea",c(151.78447, -32.93175),"#F39200"
147.682,-37.8793,"Calidris ferruginea",c(147.682, -37.8793),"#F39200"
144.426,-38.085,"Calidris ferruginea",c(144.426, -38.085),"#F39200"
130.94944,-12.50694,"Calidris ferruginea",c(130.94944, -12.50694),"#F39200"
153.184,-27.3757,"Calidris ferruginea",c(153.184, -27.3757),"#F39200"
130.937,-12.4262,"Calidris ferruginea",c(130.937, -12.4262),"#F39200"
144.51799,-38.08183,"Calidris ferruginea",c(144.51799, -38.08183),"#F39200"
144.592,-37.9979,"Calidris ferruginea",c(144.592, -37.9979),"#F39200"
144.433,-38.0762,"Calidris ferruginea",c(144.433, -38.0762),"#F39200"
144.51799,-38.08183,"Calidris ferruginea",c(144.51799, -38.08183),"#F39200"
144.51799,-38.08183,"Calidris ferruginea",c(144.51799, -38.08183),"#F39200"
153.184,-27.3757,"Calidris ferruginea",c(153.184, -27.3757),"#F39200"
144.51799,-38.08183,"Calidris ferruginea",c(144.51799, -38.08183),"#F39200"
138.023,-34.2244,"Calidris ferruginea",c(138.023, -34.2244),"#F39200"
153.17,-27.3912,"Calidris ferruginea",c(153.17, -27.3912),"#F39200"
144.51799,-38.08183,"Calidris ferruginea",c(144.51799, -38.08183),"#F39200"
153.109,-27.048,"Calidris ferruginea",c(153.109, -27.048),"#F39200"
144.514,-38.0428,"Calidris ferruginea",c(144.514, -38.0428),"#F39200"
153.203,-27.4779,"Calidris ferruginea",c(153.203, -27.4779),"#F39200"
144.51799,-38.08183,"Calidris ferruginea",c(144.51799, -38.08183),"#F39200"
144.51799,-38.08183,"Calidris ferruginea",c(144.51799, -38.08183),"#F39200"
153.187,-27.4511,"Calidris ferruginea",c(153.187, -27.4511),"#F39200"
144.51799,-38.08183,"Calidris ferruginea",c(144.51799, -38.08183),"#F39200"
144.51799,-38.08183,"Calidris ferruginea",c(144.51799, -38.08183),"#F39200"
153.194,-27.4546,"Calidris ferruginea",c(153.194, -27.4546),"#F39200"
144.592,-37.9979,"Calidris ferruginea",c(144.592, -37.9979),"#F39200"
144.391,-38.1581,"Calidris ferruginea",c(144.391, -38.1581),"#F39200"
144.51799,-38.08183,"Calidris ferruginea",c(144.51799, -38.08183),"#F39200"
144.51799,-38.08183,"Calidris ferruginea",c(144.51799, -38.08183),"#F39200"
144.51799,-38.08183,"Calidris ferruginea",c(144.51799, -38.08183),"#F39200"
144.51799,-38.08183,"Calidris ferruginea",c(144.51799, -38.08183),"#F39200"
145.53464,-38.36516,"Calidris ferruginea",c(145.53464, -38.36516),"#F39200"
133.82516,-23.74745,"Calidris ferruginea",c(133.82516, -23.74745),"#F39200"
144.51799,-38.08183,"Calidris ferruginea",c(144.51799, -38.08183),"#F39200"
142.311,-38.3565,"Calidris ferruginea",c(142.311, -38.3565),"#F39200"
144.51799,-38.08183,"Calidris ferruginea",c(144.51799, -38.08183),"#F39200"
153.194,-27.4546,"Calidris ferruginea",c(153.194, -27.4546),"#F39200"
144.51799,-38.08183,"Calidris ferruginea",c(144.51799, -38.08183),"#F39200"
145.53464,-38.36516,"Calidris ferruginea",c(145.53464, -38.36516),"#F39200"
144.51799,-38.08183,"Calidris ferruginea",c(144.51799, -38.08183),"#F39200"
144.592,-37.9979,"Calidris ferruginea",c(144.592, -37.9979),"#F39200"
143.358,-37.5331,"Calidris ferruginea",c(143.358, -37.5331),"#F39200"
153.21,-27.4824,"Calidris ferruginea",c(153.21, -27.4824),"#F39200"
145.53464,-38.36516,"Calidris ferruginea",c(145.53464, -38.36516),"#F39200"
144.592,-37.9979,"Calidris ferruginea",c(144.592, -37.9979),"#F39200"
145.774,-16.9166,"Calidris ferruginea",c(145.774, -16.9166),"#F39200"
144.399,-35.4724,"Calidris ferruginea",c(144.399, -35.4724),"#F39200"
145.53464,-38.36516,"Calidris ferruginea",c(145.53464, -38.36516),"#F39200"
145.53464,-38.36516,"Calidris ferruginea",c(145.53464, -38.36516),"#F39200"
144.51799,-38.08183,"Calidris ferruginea",c(144.51799, -38.08183),"#F39200"
144.51799,-38.08183,"Calidris ferruginea",c(144.51799, -38.08183),"#F39200"
145.53464,-38.36516,"Calidris ferruginea",c(145.53464, -38.36516),"#F39200"
136.42117,-14.07856,"Calidris ferruginea",c(136.42117, -14.07856),"#F39200"
144.592,-37.9979,"Calidris ferruginea",c(144.592, -37.9979),"#F39200"
144.51799,-38.08183,"Calidris ferruginea",c(144.51799, -38.08183),"#F39200"
144.51799,-38.08183,"Calidris ferruginea",c(144.51799, -38.08183),"#F39200"
151.1316,-34.0222,"Calidris ferruginea",c(151.1316, -34.0222),"#F39200"
144.11463,-33.91669,"Calidris ferruginea",c(144.11463, -33.91669),"#F39200"
144.51799,-38.08183,"Calidris ferruginea",c(144.51799, -38.08183),"#F39200"
144.592,-37.9979,"Calidris ferruginea",c(144.592, -37.9979),"#F39200"
145.53464,-38.36516,"Calidris ferruginea",c(145.53464, -38.36516),"#F39200"
144.51799,-38.08183,"Calidris ferruginea",c(144.51799, -38.08183),"#F39200"
144.51799,-38.08183,"Calidris ferruginea",c(144.51799, -38.08183),"#F39200"
144.51799,-38.08183,"Calidris ferruginea",c(144.51799, -38.08183),"#F39200"
144.523,-38.0427,"Calidris ferruginea",c(144.523, -38.0427),"#F39200"
144.51799,-38.08183,"Calidris ferruginea",c(144.51799, -38.08183),"#F39200"
144.51799,-38.08183,"Calidris ferruginea",c(144.51799, -38.08183),"#F39200"
145.53464,-38.36516,"Calidris ferruginea",c(145.53464, -38.36516),"#F39200"
145.53464,-38.36516,"Calidris ferruginea",c(145.53464, -38.36516),"#F39200"
145.774,-16.9166,"Calidris ferruginea",c(145.774, -16.9166),"#F39200"
144.51799,-38.08183,"Calidris ferruginea",c(144.51799, -38.08183),"#F39200"
153.194,-27.4546,"Calidris ferruginea",c(153.194, -27.4546),"#F39200"
144.51799,-38.08183,"Calidris ferruginea",c(144.51799, -38.08183),"#F39200"
144.35,-38.17,"Calidris ferruginea",c(144.35, -38.17),"#F39200"
144.804,-37.8795,"Calidris ferruginea",c(144.804, -37.8795),"#F39200"
144.51799,-38.08183,"Calidris ferruginea",c(144.51799, -38.08183),"#F39200"
144.572,-38.0209,"Calidris ferruginea",c(144.572, -38.0209),"#F39200"
151.18449,-33.94842,"Calidris ferruginea",c(151.18449, -33.94842),"#F39200"
144.51799,-38.08183,"Calidris ferruginea",c(144.51799, -38.08183),"#F39200"
144.51799,-38.08183,"Calidris ferruginea",c(144.51799, -38.08183),"#F39200"
142.35,-36.7855,"Calidris ferruginea",c(142.35, -36.7855),"#F39200"
144.51799,-38.08183,"Calidris ferruginea",c(144.51799, -38.08183),"#F39200"
145.162,-38.0851,"Calidris ferruginea",c(145.162, -38.0851),"#F39200"
144.51799,-38.08183,"Calidris ferruginea",c(144.51799, -38.08183),"#F39200"
153.186,-27.4456,"Calidris ferruginea",c(153.186, -27.4456),"#F39200"
145.53464,-38.36516,"Calidris ferruginea",c(145.53464, -38.36516),"#F39200"
144.51799,-38.08183,"Calidris ferruginea",c(144.51799, -38.08183),"#F39200"
151.079,-33.844,"Calidris ferruginea",c(151.079, -33.844),"#F39200"
144.592,-37.9979,"Calidris ferruginea",c(144.592, -37.9979),"#F39200"
144.51799,-38.08183,"Calidris ferruginea",c(144.51799, -38.08183),"#F39200"
144.51799,-38.08183,"Calidris ferruginea",c(144.51799, -38.08183),"#F39200"
153.187,-27.4497,"Calidris ferruginea",c(153.187, -27.4497),"#F39200"
144.592,-37.9979,"Calidris ferruginea",c(144.592, -37.9979),"#F39200"
145.53464,-38.36516,"Calidris ferruginea",c(145.53464, -38.36516),"#F39200"
145.53464,-38.36516,"Calidris ferruginea",c(145.53464, -38.36516),"#F39200"
152.395,-24.7711,"Calidris ferruginea",c(152.395, -24.7711),"#F39200"
144.592,-37.9979,"Calidris ferruginea",c(144.592, -37.9979),"#F39200"
144.592,-37.9979,"Calidris ferruginea",c(144.592, -37.9979),"#F39200"
145.53464,-38.36516,"Calidris ferruginea",c(145.53464, -38.36516),"#F39200"
144.51799,-38.08183,"Calidris ferruginea",c(144.51799, -38.08183),"#F39200"
153.194,-27.4546,"Calidris ferruginea",c(153.194, -27.4546),"#F39200"
144.51799,-38.08183,"Calidris ferruginea",c(144.51799, -38.08183),"#F39200"
151.79,-32.8834,"Calidris ferruginea",c(151.79, -32.8834),"#F39200"
144.592,-37.9979,"Calidris ferruginea",c(144.592, -37.9979),"#F39200"
144.426,-38.085,"Calidris ferruginea",c(144.426, -38.085),"#F39200"
151.78447,-32.93175,"Calidris ferruginea",c(151.78447, -32.93175),"#F39200"
144.592,-37.9979,"Calidris ferruginea",c(144.592, -37.9979),"#F39200"
144.51799,-38.08183,"Calidris ferruginea",c(144.51799, -38.08183),"#F39200"
144.592,-37.9979,"Calidris ferruginea",c(144.592, -37.9979),"#F39200"
145.53464,-38.36516,"Calidris ferruginea",c(145.53464, -38.36516),"#F39200"
144.51799,-38.08183,"Calidris ferruginea",c(144.51799, -38.08183),"#F39200"
151.78447,-32.93175,"Calidris ferruginea",c(151.78447, -32.93175),"#F39200"
144.51799,-38.08183,"Calidris ferruginea",c(144.51799, -38.08183),"#F39200"
144.51799,-38.08183,"Calidris ferruginea",c(144.51799, -38.08183),"#F39200"
143.608,-38.3264,"Calidris ferruginea",c(143.608, -38.3264),"#F39200"
153.184,-27.3757,"Calidris ferruginea",c(153.184, -27.3757),"#F39200"
145.774,-16.9166,"Calidris ferruginea",c(145.774, -16.9166),"#F39200"
144.592,-37.9979,"Calidris ferruginea",c(144.592, -37.9979),"#F39200"
144.51799,-38.08183,"Calidris ferruginea",c(144.51799, -38.08183),"#F39200"
145.774,-16.9166,"Calidris ferruginea",c(145.774, -16.9166),"#F39200"
145.774,-16.9166,"Calidris ferruginea",c(145.774, -16.9166),"#F39200"
144.51799,-38.08183,"Calidris ferruginea",c(144.51799, -38.08183),"#F39200"
147.882,-37.8965,"Calidris ferruginea",c(147.882, -37.8965),"#F39200"
140.58889,-17.59583,"Calidris ferruginea",c(140.58889, -17.59583),"#F39200"
145.774,-16.9166,"Calidris ferruginea",c(145.774, -16.9166),"#F39200"
145.53464,-38.36516,"Calidris ferruginea",c(145.53464, -38.36516),"#F39200"
145.53464,-38.36516,"Calidris ferruginea",c(145.53464, -38.36516),"#F39200"
144.51799,-38.08183,"Calidris ferruginea",c(144.51799, -38.08183),"#F39200"
153.184,-27.3757,"Calidris ferruginea",c(153.184, -27.3757),"#F39200"
147.537,-42.7881,"Calidris ferruginea",c(147.537, -42.7881),"#F39200"
144.51799,-38.08183,"Calidris ferruginea",c(144.51799, -38.08183),"#F39200"
130.909,-12.3631,"Calidris ferruginea",c(130.909, -12.3631),"#F39200"
145.774,-16.9166,"Calidris ferruginea",c(145.774, -16.9166),"#F39200"
145.53464,-38.36516,"Calidris ferruginea",c(145.53464, -38.36516),"#F39200"
151.78447,-32.93175,"Calidris ferruginea",c(151.78447, -32.93175),"#F39200"
140.85889,-38.0443,"Calidris ferruginea",c(140.85889, -38.0443),"#F39200"
151.78447,-32.93175,"Calidris ferruginea",c(151.78447, -32.93175),"#F39200"
130.95,-12.507,"Calidris ferruginea",c(130.95, -12.507),"#F39200"
153.187,-27.4497,"Calidris ferruginea",c(153.187, -27.4497),"#F39200"
144.51799,-38.08183,"Calidris ferruginea",c(144.51799, -38.08183),"#F39200"
144.592,-37.9979,"Calidris ferruginea",c(144.592, -37.9979),"#F39200"
144.51799,-38.08183,"Calidris ferruginea",c(144.51799, -38.08183),"#F39200"
144.51799,-38.08183,"Calidris ferruginea",c(144.51799, -38.08183),"#F39200"
145.774,-16.9166,"Calidris ferruginea",c(145.774, -16.9166),"#F39200"
144.51799,-38.08183,"Calidris ferruginea",c(144.51799, -38.08183),"#F39200"
144.804,-37.8795,"Calidris ferruginea",c(144.804, -37.8795),"#F39200"
151.18449,-33.94842,"Calidris ferruginea",c(151.18449, -33.94842),"#F39200"
153.172,-27.4318,"Calidris ferruginea",c(153.172, -27.4318),"#F39200"
145.53464,-38.36516,"Calidris ferruginea",c(145.53464, -38.36516),"#F39200"
151.7833,-32.9167,"Calidris ferruginea",c(151.7833, -32.9167),"#F39200"
144.508,-38.0449,"Calidris ferruginea",c(144.508, -38.0449),"#F39200"
144.51799,-38.08183,"Calidris ferruginea",c(144.51799, -38.08183),"#F39200"
151.439,-33.3342,"Calidris ferruginea",c(151.439, -33.3342),"#F39200"
144.51799,-38.08183,"Calidris ferruginea",c(144.51799, -38.08183),"#F39200"
147.537,-42.7881,"Calidris ferruginea",c(147.537, -42.7881),"#F39200"
144.51799,-38.08183,"Calidris ferruginea",c(144.51799, -38.08183),"#F39200"
144.51799,-38.08183,"Calidris ferruginea",c(144.51799, -38.08183),"#F39200"
144.51799,-38.08183,"Calidris ferruginea",c(144.51799, -38.08183),"#F39200"
153.14,-27.4474,"Calidris ferruginea",c(153.14, -27.4474),"#F39200"
144.553,-38.019,"Calidris ferruginea",c(144.553, -38.019),"#F39200"
145.2513,-38.2484,"Calidris ferruginea",c(145.2513, -38.2484),"#F39200"
144.592,-37.9979,"Calidris ferruginea",c(144.592, -37.9979),"#F39200"
151.78447,-32.93175,"Calidris ferruginea",c(151.78447, -32.93175),"#F39200"
144.592,-37.9979,"Calidris ferruginea",c(144.592, -37.9979),"#F39200"
144.592,-37.9979,"Calidris ferruginea",c(144.592, -37.9979),"#F39200"
144.51799,-38.08183,"Calidris ferruginea",c(144.51799, -38.08183),"#F39200"
144.51799,-38.08183,"Calidris ferruginea",c(144.51799, -38.08183),"#F39200"
144.51799,-38.08183,"Calidris ferruginea",c(144.51799, -38.08183),"#F39200"
152.42608,-27.42341,"Calidris ferruginea",c(152.42608, -27.42341),"#F39200"
144.51799,-38.08183,"Calidris ferruginea",c(144.51799, -38.08183),"#F39200"
144.51799,-38.08183,"Calidris ferruginea",c(144.51799, -38.08183),"#F39200"
144.796,-37.8913,"Calidris ferruginea",c(144.796, -37.8913),"#F39200"
144.51799,-38.08183,"Calidris ferruginea",c(144.51799, -38.08183),"#F39200"
151.78447,-32.93175,"Calidris ferruginea",c(151.78447, -32.93175),"#F39200"
146.27,-18.7119,"Calidris ferruginea",c(146.27, -18.7119),"#F39200"
151.721,-32.8628,"Calidris ferruginea",c(151.721, -32.8628),"#F39200"
144.51799,-38.08183,"Calidris ferruginea",c(144.51799, -38.08183),"#F39200"
152.874,-25.6094,"Calidris ferruginea",c(152.874, -25.6094),"#F39200"
144.564,-38.0267,"Calidris ferruginea",c(144.564, -38.0267),"#F39200"
144.51799,-38.08183,"Calidris ferruginea",c(144.51799, -38.08183),"#F39200"
135.68454,-18.79855,"Calidris ferruginea",c(135.68454, -18.79855),"#F39200"
130.909,-12.3631,"Calidris ferruginea",c(130.909, -12.3631),"#F39200"
151.2109,-33.96347,"Calidris ferruginea",c(151.2109, -33.96347),"#F39200"
146.335,-38.691,"Calidris ferruginea",c(146.335, -38.691),"#F39200"
144.513,-38.0436,"Calidris ferruginea",c(144.513, -38.0436),"#F39200"
151.079,-33.844,"Calidris ferruginea",c(151.079, -33.844),"#F39200"
144.51799,-38.08183,"Calidris ferruginea",c(144.51799, -38.08183),"#F39200"
151.501,-33.2955,"Calidris ferruginea",c(151.501, -33.2955),"#F39200"
145.774,-16.9166,"Calidris ferruginea",c(145.774, -16.9166),"#F39200"
144.51799,-38.08183,"Calidris ferruginea",c(144.51799, -38.08183),"#F39200"
153.134,-27.0483,"Calidris ferruginea",c(153.134, -27.0483),"#F39200"
132.6512,-11.83192,"Calidris ferruginea",c(132.6512, -11.83192),"#F39200"
144.592,-37.9979,"Calidris ferruginea",c(144.592, -37.9979),"#F39200"
152.396,-24.7704,"Calidris ferruginea",c(152.396, -24.7704),"#F39200"
136.42117,-13.91856,"Calidris ferruginea",c(136.42117, -13.91856),"#F39200"
144.592,-37.9979,"Calidris ferruginea",c(144.592, -37.9979),"#F39200"
147.49,-42.91,"Calidris ferruginea",c(147.49, -42.91),"#F39200"
144.51799,-38.08183,"Calidris ferruginea",c(144.51799, -38.08183),"#F39200"
153.578,-28.8818,"Calidris ferruginea",c(153.578, -28.8818),"#F39200"
151.79,-32.8834,"Calidris ferruginea",c(151.79, -32.8834),"#F39200"
146.755,-19.2115,"Calidris ferruginea",c(146.755, -19.2115),"#F39200"
145.53464,-38.36516,"Calidris ferruginea",c(145.53464, -38.36516),"#F39200"
144.592,-37.9979,"Calidris ferruginea",c(144.592, -37.9979),"#F39200"
143.753,-35.5163,"Calidris ferruginea",c(143.753, -35.5163),"#F39200"
144.51799,-38.08183,"Calidris ferruginea",c(144.51799, -38.08183),"#F39200"
140.807,-38.0488,"Calidris ferruginea",c(140.807, -38.0488),"#F39200"
144.592,-37.9979,"Calidris ferruginea",c(144.592, -37.9979),"#F39200"
145.763,-16.9042,"Calidris ferruginea",c(145.763, -16.9042),"#F39200"
144.592,-37.9979,"Calidris ferruginea",c(144.592, -37.9979),"#F39200"
142.4983,-32.30889,"Calidris ferruginea",c(142.4983, -32.30889),"#F39200"
144.51799,-38.08183,"Calidris ferruginea",c(144.51799, -38.08183),"#F39200"
144.51799,-38.08183,"Calidris ferruginea",c(144.51799, -38.08183),"#F39200"
145.774,-16.9166,"Calidris ferruginea",c(145.774, -16.9166),"#F39200"
144.51799,-38.08183,"Calidris ferruginea",c(144.51799, -38.08183),"#F39200"
144.565,-38.0276,"Calidris ferruginea",c(144.565, -38.0276),"#F39200"
144.51799,-38.08183,"Calidris ferruginea",c(144.51799, -38.08183),"#F39200"
144.592,-37.9979,"Calidris ferruginea",c(144.592, -37.9979),"#F39200"
153.109,-27.048,"Calidris ferruginea",c(153.109, -27.048),"#F39200"
144.51799,-38.08183,"Calidris ferruginea",c(144.51799, -38.08183),"#F39200"
143.833,-37.5498,"Calidris ferruginea",c(143.833, -37.5498),"#F39200"
151.78447,-32.93175,"Calidris ferruginea",c(151.78447, -32.93175),"#F39200"
122.542,-17.9653,"Calidris ferruginea",c(122.542, -17.9653),"#F39200"
140.87305,-38.05013,"Calidris ferruginea",c(140.87305, -38.05013),"#F39200"
151.79,-32.8834,"Calidris ferruginea",c(151.79, -32.8834),"#F39200"
151.194,-33.955,"Calidris ferruginea",c(151.194, -33.955),"#F39200"
150.74829,-34.87785,"Calidris ferruginea",c(150.74829, -34.87785),"#F39200"
153.21778,-27.48167,"Calidris ferruginea",c(153.21778, -27.48167),"#F39200"
144.51799,-38.08183,"Calidris ferruginea",c(144.51799, -38.08183),"#F39200"
144.51799,-38.08183,"Calidris ferruginea",c(144.51799, -38.08183),"#F39200"
144.51799,-38.08183,"Calidris ferruginea",c(144.51799, -38.08183),"#F39200"
145.774,-16.9166,"Calidris ferruginea",c(145.774, -16.9166),"#F39200"
145.53464,-38.36516,"Calidris ferruginea",c(145.53464, -38.36516),"#F39200"
